2026-07-09 22:23:19,741 [INFO] Activator:176 - 


2026-07-09 22:23:19,743 [INFO] Activator:177 - !SESSION log4j initialized
2026-07-09 22:23:22,026 [INFO] LogOutputStream:77 - [STDOUT_REDIRECT] 
2026-07-09 22:23:23,854 [INFO] ApplicationProperties:184 - Using Application install path: C:\ST\STM32CubeIDE_1.19.0\STM32CubeIDE\plugins\com.st.stm32cube.common.mx_6.15.0.202507011659
2026-07-09 22:23:23,867 [INFO] DbMcusXml:78 - Set database path to: C:\ST\STM32CubeIDE_1.19.0\STM32CubeIDE\plugins\com.st.stm32cube.common.mx_6.15.0.202507011659\\db\/mcu/
2026-07-09 22:23:23,867 [INFO] ApiDb:274 - Set plugin database path to: C:\ST\STM32CubeIDE_1.19.0\STM32CubeIDE\plugins\com.st.stm32cube.common.mx_6.15.0.202507011659\\db\/plugins/boardmanager/
2026-07-09 22:23:23,867 [WARN] ApiDb:259 - Overriding images path with different value:  => C:\ST\STM32CubeIDE_1.19.0\STM32CubeIDE\plugins\com.st.stm32cube.common.mx_6.15.0.202507011659\\db\/plugins/mcufinder/images/
2026-07-09 22:23:23,871 [INFO] ApiDb:250 - Set database path to: C:\Users\ASUS\.stmcufinder\plugins\mcufinder//mcu/
2026-07-09 22:23:23,872 [INFO] DbMcusAds:125 - Set database path to: C:\Users\ASUS\.stmcufinder\plugins\mcufinder//mcu/
2026-07-09 22:23:23,874 [INFO] CrossReferenceDbSqlite:203 - Set database path to: C:\Users\ASUS\.stmcufinder\plugins\mcufinder//mcu/cs/
2026-07-09 22:23:23,977 [INFO] RulesReader:64 - Compatibility file has been processed (317 Rules)
2026-07-09 22:23:24,044 [INFO] DbMcusXml:78 - Set database path to: C:\ST\STM32CubeIDE_1.19.0\STM32CubeIDE\plugins\com.st.stm32cube.common.mx_6.15.0.202507011659\\db\/mcu/
2026-07-09 22:23:24,044 [INFO] ApiDb:274 - Set plugin database path to: C:\ST\STM32CubeIDE_1.19.0\STM32CubeIDE\plugins\com.st.stm32cube.common.mx_6.15.0.202507011659\\db\/plugins/boardmanager/
2026-07-09 22:23:24,044 [INFO] ApiDb:261 - Set plugin images path to: C:\ST\STM32CubeIDE_1.19.0\STM32CubeIDE\plugins\com.st.stm32cube.common.mx_6.15.0.202507011659\\db\/plugins/mcufinder/images/
2026-07-09 22:23:24,044 [WARN] DbFile:41 - Overriding database path with different value: C:\Users\ASUS\.stmcufinder\plugins\mcufinder/ => C:\Users\ASUS\.stmcufinder\plugins\mcufinder
2026-07-09 22:23:24,044 [INFO] ApiDb:250 - Set database path to: C:\Users\ASUS\.stmcufinder\plugins\mcufinder//mcu/
2026-07-09 22:23:24,044 [WARN] DbFile:41 - Overriding database path with different value: C:\Users\ASUS\.stmcufinder\plugins\mcufinder/ => C:\Users\ASUS\.stmcufinder\plugins\mcufinder
2026-07-09 22:23:24,045 [INFO] DbMcusAds:125 - Set database path to: C:\Users\ASUS\.stmcufinder\plugins\mcufinder//mcu/
2026-07-09 22:23:24,045 [WARN] DbFile:41 - Overriding database path with different value: C:\Users\ASUS\.stmcufinder\plugins\mcufinder/ => C:\Users\ASUS\.stmcufinder\plugins\mcufinder
2026-07-09 22:23:24,045 [WARN] DbFile:41 - Overriding database path with different value: C:\Users\ASUS\.stmcufinder\plugins\mcufinder/ => C:\Users\ASUS\.stmcufinder\plugins\mcufinder
2026-07-09 22:23:24,045 [INFO] CrossReferenceDbSqlite:203 - Set database path to: C:\Users\ASUS\.stmcufinder\plugins\mcufinder//mcu/cs/
2026-07-09 22:23:24,116 [INFO] MainPanel:274 - HeapMemory: 268435456
2026-07-09 22:23:24,191 [INFO] DbMcusXml:78 - Set database path to: C:\ST\STM32CubeIDE_1.19.0\STM32CubeIDE\plugins\com.st.stm32cube.common.mx_6.15.0.202507011659\\db\/mcu/
2026-07-09 22:23:24,191 [INFO] ApiDb:274 - Set plugin database path to: C:\ST\STM32CubeIDE_1.19.0\STM32CubeIDE\plugins\com.st.stm32cube.common.mx_6.15.0.202507011659\\db\/plugins/boardmanager/
2026-07-09 22:23:24,191 [INFO] ApiDb:261 - Set plugin images path to: C:\ST\STM32CubeIDE_1.19.0\STM32CubeIDE\plugins\com.st.stm32cube.common.mx_6.15.0.202507011659\\db\/plugins/mcufinder/images/
2026-07-09 22:23:24,192 [WARN] DbFile:41 - Overriding database path with different value: C:\Users\ASUS\.stmcufinder\plugins\mcufinder/ => C:\Users\ASUS\.stmcufinder\plugins\mcufinder
2026-07-09 22:23:24,192 [INFO] ApiDb:250 - Set database path to: C:\Users\ASUS\.stmcufinder\plugins\mcufinder//mcu/
2026-07-09 22:23:24,192 [WARN] DbFile:41 - Overriding database path with different value: C:\Users\ASUS\.stmcufinder\plugins\mcufinder/ => C:\Users\ASUS\.stmcufinder\plugins\mcufinder
2026-07-09 22:23:24,192 [INFO] DbMcusAds:125 - Set database path to: C:\Users\ASUS\.stmcufinder\plugins\mcufinder//mcu/
2026-07-09 22:23:24,192 [WARN] DbFile:41 - Overriding database path with different value: C:\Users\ASUS\.stmcufinder\plugins\mcufinder/ => C:\Users\ASUS\.stmcufinder\plugins\mcufinder
2026-07-09 22:23:24,192 [WARN] DbFile:41 - Overriding database path with different value: C:\Users\ASUS\.stmcufinder\plugins\mcufinder/ => C:\Users\ASUS\.stmcufinder\plugins\mcufinder
2026-07-09 22:23:24,192 [INFO] CrossReferenceDbSqlite:203 - Set database path to: C:\Users\ASUS\.stmcufinder\plugins\mcufinder//mcu/cs/
2026-07-09 22:23:24,209 [INFO] ApplicationProperties:184 - Using Application install path: C:\ST\STM32CubeIDE_1.19.0\STM32CubeIDE\plugins\com.st.stm32cube.common.mx_6.15.0.202507011659
2026-07-09 22:23:24,211 [INFO] PluginManage:196 - Search for loadable plugins [exclusion list=, ]
2026-07-09 22:23:24,212 [INFO] PluginManage:310 - Check plugin analytics
2026-07-09 22:23:24,373 [INFO] AnalyticsPlugin:253 - Accepted Software Licenses: STM32CubeMX.6.17.0
2026-07-09 22:23:24,373 [INFO] AnalyticsPlugin:255 - Accepted CMSIS Pack Licenses: 
2026-07-09 22:23:24,373 [INFO] AnalyticsPlugin:257 - Accepted Firmware Licenses: FW.F4.1.28.0,FW.F4.1.28.3
2026-07-09 22:23:24,376 [INFO] PluginManage:359 - Loaded plugin analytics (category:tool,tabindex:-1)
2026-07-09 22:23:24,377 [INFO] PluginManage:310 - Check plugin cadmodel
2026-07-09 22:23:24,381 [INFO] CADModel:105 - Init CAD model plugin
2026-07-09 22:23:24,381 [INFO] PluginManage:359 - Loaded plugin cadmodel (category:power,tabindex:5)
2026-07-09 22:23:24,381 [INFO] PluginManage:310 - Check plugin clock
2026-07-09 22:23:24,390 [INFO] PluginManage:359 - Loaded plugin clock (category:base,tabindex:2)
2026-07-09 22:23:24,390 [INFO] PluginManage:310 - Check plugin ddr
2026-07-09 22:23:24,392 [INFO] PluginManage:359 - Loaded plugin ddr (category:tool,tabindex:6)
2026-07-09 22:23:24,392 [INFO] PluginManage:310 - Check plugin filemanager
2026-07-09 22:23:24,551 [INFO] PluginManage:359 - Loaded plugin filemanager (category:base,tabindex:10)
2026-07-09 22:23:24,551 [INFO] PluginManage:310 - Check plugin ipmanager
2026-07-09 22:23:24,568 [INFO] PluginManage:359 - Loaded plugin ipmanager (category:base,tabindex:5)
2026-07-09 22:23:24,569 [INFO] PluginManage:310 - Check plugin lpbam
2026-07-09 22:23:24,576 [INFO] PluginManage:359 - Loaded plugin lpbam (category:base,tabindex:0)
2026-07-09 22:23:24,576 [INFO] PluginManage:310 - Check plugin memorymap
2026-07-09 22:23:24,588 [INFO] PluginManage:359 - Loaded plugin memorymap (category:base,tabindex:4)
2026-07-09 22:23:24,588 [INFO] PluginManage:310 - Check plugin pinoutandconfiguration
2026-07-09 22:23:24,596 [INFO] PluginManage:359 - Loaded plugin pinoutandconfiguration (category:base,tabindex:1)
2026-07-09 22:23:24,596 [INFO] PluginManage:310 - Check plugin pinoutconfig
2026-07-09 22:23:24,674 [WARN] SupportedApi:132 - Cannot load RTOS API schema: s4s-elt-must-match.1: The content of 'definitions' must match (annotation?, (simpleType | complexType)?, (unique | key | keyref)*)). A problem was found starting at: attribute.
2026-07-09 22:23:24,780 [INFO] PluginManage:359 - Loaded plugin pinoutconfig (category:base,tabindex:0)
2026-07-09 22:23:24,780 [INFO] PluginManage:310 - Check plugin power
2026-07-09 22:23:24,786 [INFO] PluginManage:359 - Loaded plugin power (category:power,tabindex:4)
2026-07-09 22:23:24,786 [INFO] PluginManage:310 - Check plugin projectmanager
2026-07-09 22:23:24,800 [INFO] PluginManage:359 - Loaded plugin projectmanager (category:projectmanager,tabindex:4)
2026-07-09 22:23:24,800 [INFO] PluginManage:310 - Check plugin rif
2026-07-09 22:23:24,807 [INFO] PluginManage:359 - Loaded plugin rif (category:base,tabindex:3)
2026-07-09 22:23:24,809 [INFO] PluginManage:310 - Check plugin thirdparty
2026-07-09 22:23:24,916 [WARN] IntegrityCheckThread:84 - waiting for thirdparty lock release [integrity check]
2026-07-09 22:23:24,916 [INFO] PluginManage:359 - Loaded plugin thirdparty (category:base,tabindex:-1)
2026-07-09 22:23:24,916 [INFO] IntegrityCheckThread:86 - entering critical section [integrity check]
2026-07-09 22:23:24,916 [INFO] PluginManage:310 - Check plugin tools
2026-07-09 22:23:24,916 [INFO] ThirdPartyUpdaterWithRetryManager:70 - Updater plugin not ready yet. [1/15]
2026-07-09 22:23:24,919 [INFO] PluginManage:359 - Loaded plugin tools (category:base,tabindex:7)
2026-07-09 22:23:24,919 [INFO] PluginManage:310 - Check plugin tutovideos
2026-07-09 22:23:25,069 [INFO] PluginManage:359 - Loaded plugin tutovideos (category:base,tabindex:-1)
2026-07-09 22:23:25,070 [INFO] PluginManage:310 - Check plugin updater
2026-07-09 22:23:25,086 [INFO] PluginManage:359 - Loaded plugin updater (category:base,tabindex:12)
2026-07-09 22:23:25,086 [INFO] PluginManage:310 - Check plugin userauth
2026-07-09 22:23:25,088 [INFO] UserAuth:118 - Init User Auth plugin
2026-07-09 22:23:25,090 [INFO] PluginManage:359 - Loaded plugin userauth (category:base,tabindex:14)
2026-07-09 22:23:25,090 [INFO] PluginManage:283 - PluginManage : Loaded plugins [18]
2026-07-09 22:23:25,255 [INFO] PinOutPanel:1589 - setPackage(No Configuration,No Configuration)
2026-07-09 22:23:25,326 [INFO] CADModel:165 - CPN selected for project level
2026-07-09 22:23:25,327 [INFO] CADModel:114 - Register for checkConnection events
2026-07-09 22:23:25,339 [INFO] IPUIPlugin:80 - create IPUIPlugin
2026-07-09 22:23:25,339 [INFO] PluginManager:220 - loadIPPluginJar : add adc
2026-07-09 22:23:25,341 [INFO] IPUIPlugin:80 - create IPUIPlugin
2026-07-09 22:23:25,342 [INFO] PluginManager:220 - loadIPPluginJar : add aes
2026-07-09 22:23:25,344 [INFO] IPUIPlugin:80 - create IPUIPlugin
2026-07-09 22:23:25,344 [INFO] PluginManager:220 - loadIPPluginJar : add can
2026-07-09 22:23:25,345 [INFO] IPUIPlugin:80 - create IPUIPlugin
2026-07-09 22:23:25,346 [INFO] PluginManager:220 - loadIPPluginJar : add comp
2026-07-09 22:23:25,347 [INFO] IPUIPlugin:80 - create IPUIPlugin
2026-07-09 22:23:25,349 [INFO] PluginManager:220 - loadIPPluginJar : add cryp
2026-07-09 22:23:25,351 [INFO] IPUIPlugin:80 - create IPUIPlugin
2026-07-09 22:23:25,351 [INFO] PluginManager:220 - loadIPPluginJar : add ddr_ctrl_phy
2026-07-09 22:23:25,353 [INFO] IPUIPlugin:80 - create IPUIPlugin
2026-07-09 22:23:25,353 [INFO] PluginManager:220 - loadIPPluginJar : add dfsdm
2026-07-09 22:23:25,357 [INFO] IPUIPlugin:80 - create IPUIPlugin
2026-07-09 22:23:25,357 [INFO] PluginManager:220 - loadIPPluginJar : add dma
2026-07-09 22:23:25,359 [INFO] IPUIPlugin:80 - create IPUIPlugin
2026-07-09 22:23:25,359 [INFO] PluginManager:220 - loadIPPluginJar : add dma3
2026-07-09 22:23:25,361 [INFO] IPUIPlugin:80 - create IPUIPlugin
2026-07-09 22:23:25,363 [INFO] PluginManager:220 - loadIPPluginJar : add extmemmanager
2026-07-09 22:23:25,364 [INFO] IPUIPlugin:80 - create IPUIPlugin
2026-07-09 22:23:25,364 [INFO] PluginManager:220 - loadIPPluginJar : add fatfs
2026-07-09 22:23:25,367 [INFO] IPUIPlugin:80 - create IPUIPlugin
2026-07-09 22:23:25,368 [INFO] PluginManager:220 - loadIPPluginJar : add fmc
2026-07-09 22:23:25,372 [INFO] IPUIPlugin:80 - create IPUIPlugin
2026-07-09 22:23:25,372 [INFO] PluginManager:220 - loadIPPluginJar : add freertos
2026-07-09 22:23:25,373 [INFO] IPUIPlugin:80 - create IPUIPlugin
2026-07-09 22:23:25,373 [INFO] PluginManager:220 - loadIPPluginJar : add genericplugin
2026-07-09 22:23:25,376 [INFO] IPUIPlugin:80 - create IPUIPlugin
2026-07-09 22:23:25,376 [INFO] PluginManager:220 - loadIPPluginJar : add gfxmmu
2026-07-09 22:23:25,380 [INFO] IPUIPlugin:80 - create IPUIPlugin
2026-07-09 22:23:25,380 [INFO] PluginManager:220 - loadIPPluginJar : add gic
2026-07-09 22:23:25,383 [INFO] IPUIPlugin:80 - create IPUIPlugin
2026-07-09 22:23:25,383 [INFO] PluginManager:220 - loadIPPluginJar : add gpio
2026-07-09 22:23:25,385 [INFO] IPUIPlugin:80 - create IPUIPlugin
2026-07-09 22:23:25,385 [INFO] PluginManager:220 - loadIPPluginJar : add gtzc
2026-07-09 22:23:25,387 [INFO] IPUIPlugin:80 - create IPUIPlugin
2026-07-09 22:23:25,387 [INFO] PluginManager:220 - loadIPPluginJar : add hash
2026-07-09 22:23:25,389 [INFO] IPUIPlugin:80 - create IPUIPlugin
2026-07-09 22:23:25,389 [INFO] PluginManager:220 - loadIPPluginJar : add i2c
2026-07-09 22:23:25,391 [INFO] IPUIPlugin:80 - create IPUIPlugin
2026-07-09 22:23:25,391 [INFO] PluginManager:220 - loadIPPluginJar : add i2s
2026-07-09 22:23:25,393 [INFO] IPUIPlugin:80 - create IPUIPlugin
2026-07-09 22:23:25,394 [INFO] PluginManager:220 - loadIPPluginJar : add i3c
2026-07-09 22:23:25,397 [INFO] IPUIPlugin:80 - create IPUIPlugin
2026-07-09 22:23:25,397 [INFO] PluginManager:220 - loadIPPluginJar : add ipddr
2026-07-09 22:23:25,402 [INFO] IPUIPlugin:80 - create IPUIPlugin
2026-07-09 22:23:25,402 [INFO] PluginManager:220 - loadIPPluginJar : add linkedlist
2026-07-09 22:23:25,405 [INFO] IPUIPlugin:80 - create IPUIPlugin
2026-07-09 22:23:25,405 [INFO] PluginManager:220 - loadIPPluginJar : add lorawan
2026-07-09 22:23:25,406 [INFO] IPUIPlugin:80 - create IPUIPlugin
2026-07-09 22:23:25,406 [INFO] PluginManager:220 - loadIPPluginJar : add ltdc
2026-07-09 22:23:25,411 [INFO] IPUIPlugin:80 - create IPUIPlugin
2026-07-09 22:23:25,411 [INFO] PluginManager:220 - loadIPPluginJar : add mdma
2026-07-09 22:23:25,413 [INFO] IPUIPlugin:80 - create IPUIPlugin
2026-07-09 22:23:25,413 [INFO] PluginManager:220 - loadIPPluginJar : add nvic
2026-07-09 22:23:25,416 [INFO] IPUIPlugin:80 - create IPUIPlugin
2026-07-09 22:23:25,416 [INFO] PluginManager:220 - loadIPPluginJar : add opamp
2026-07-09 22:23:25,419 [INFO] IPUIPlugin:80 - create IPUIPlugin
2026-07-09 22:23:25,419 [INFO] PluginManager:220 - loadIPPluginJar : add openamp
2026-07-09 22:23:25,421 [INFO] IPUIPlugin:80 - create IPUIPlugin
2026-07-09 22:23:25,422 [INFO] PluginManager:220 - loadIPPluginJar : add pdm2pcm
2026-07-09 22:23:25,426 [INFO] IPUIPlugin:80 - create IPUIPlugin
2026-07-09 22:23:25,429 [INFO] PluginManager:220 - loadIPPluginJar : add plateformsettings
2026-07-09 22:23:25,430 [INFO] IPUIPlugin:80 - create IPUIPlugin
2026-07-09 22:23:25,431 [INFO] PluginManager:220 - loadIPPluginJar : add quadspi
2026-07-09 22:23:25,432 [INFO] IPUIPlugin:80 - create IPUIPlugin
2026-07-09 22:23:25,433 [INFO] PluginManager:220 - loadIPPluginJar : add radio
2026-07-09 22:23:25,436 [INFO] IPUIPlugin:80 - create IPUIPlugin
2026-07-09 22:23:25,436 [INFO] PluginManager:220 - loadIPPluginJar : add resmgrutility
2026-07-09 22:23:25,439 [INFO] IPUIPlugin:80 - create IPUIPlugin
2026-07-09 22:23:25,439 [INFO] PluginManager:220 - loadIPPluginJar : add sai
2026-07-09 22:23:25,441 [INFO] IPUIPlugin:80 - create IPUIPlugin
2026-07-09 22:23:25,442 [INFO] PluginManager:220 - loadIPPluginJar : add spi
2026-07-09 22:23:25,448 [INFO] IPUIPlugin:80 - create IPUIPlugin
2026-07-09 22:23:25,448 [INFO] PluginManager:220 - loadIPPluginJar : add stm32_wpan
2026-07-09 22:23:25,449 [INFO] IPUIPlugin:80 - create IPUIPlugin
2026-07-09 22:23:25,449 [INFO] PluginManager:220 - loadIPPluginJar : add tim
2026-07-09 22:23:25,453 [INFO] IPUIPlugin:80 - create IPUIPlugin
2026-07-09 22:23:25,453 [INFO] PluginManager:220 - loadIPPluginJar : add touchsensing
2026-07-09 22:23:25,455 [INFO] IPUIPlugin:80 - create IPUIPlugin
2026-07-09 22:23:25,455 [INFO] PluginManager:220 - loadIPPluginJar : add tracer_emb
2026-07-09 22:23:25,457 [INFO] IPUIPlugin:80 - create IPUIPlugin
2026-07-09 22:23:25,457 [INFO] PluginManager:220 - loadIPPluginJar : add ts
2026-07-09 22:23:25,458 [INFO] IPUIPlugin:80 - create IPUIPlugin
2026-07-09 22:23:25,458 [INFO] PluginManager:220 - loadIPPluginJar : add tsc
2026-07-09 22:23:25,459 [INFO] IPUIPlugin:80 - create IPUIPlugin
2026-07-09 22:23:25,459 [INFO] PluginManager:220 - loadIPPluginJar : add ucpd
2026-07-09 22:23:25,463 [INFO] IPUIPlugin:80 - create IPUIPlugin
2026-07-09 22:23:25,463 [INFO] PluginManager:220 - loadIPPluginJar : add usart
2026-07-09 22:23:25,465 [INFO] IPUIPlugin:80 - create IPUIPlugin
2026-07-09 22:23:25,465 [INFO] PluginManager:220 - loadIPPluginJar : add usbx
2026-07-09 22:23:25,587 [FATAL] Updater:351 - Updater called before beeing initialized
2026-07-09 22:23:25,618 [INFO] RulesReader:64 - Compatibility file has been processed (317 Rules)
2026-07-09 22:23:25,630 [INFO] RulesReader:64 - Compatibility file has been processed (317 Rules)
2026-07-09 22:23:25,636 [INFO] CADModel:165 - CPN selected for project level
2026-07-09 22:23:25,636 [INFO] CADModel:114 - Register for checkConnection events
2026-07-09 22:23:25,636 [FATAL] Updater:351 - Updater called before beeing initialized
2026-07-09 22:23:25,636 [ERROR] CADModel:125 - Updater not yet initialized, retry later 
2026-07-09 22:23:25,757 [FATAL] Updater:351 - Updater called before beeing initialized
2026-07-09 22:23:25,759 [INFO] CADModel:165 - CPN selected for project level
2026-07-09 22:23:25,759 [INFO] CADModel:114 - Register for checkConnection events
2026-07-09 22:23:25,759 [FATAL] Updater:351 - Updater called before beeing initialized
2026-07-09 22:23:25,759 [ERROR] CADModel:125 - Updater not yet initialized, retry later 
2026-07-09 22:23:25,762 [FATAL] Updater:351 - Updater called before beeing initialized
2026-07-09 22:23:25,866 [FATAL] Updater:351 - Updater called before beeing initialized
2026-07-09 22:23:25,869 [INFO] DbMcusAds:53 - JSON generation date=Thu May 28 21:38:17 IST 2026 (1779984497073)
2026-07-09 22:23:25,870 [FATAL] Updater:351 - Updater called before beeing initialized
2026-07-09 22:23:25,903 [WARN] DetailPanel:346 - Failed to get advertising image, set to default
2026-07-09 22:23:25,981 [FATAL] Updater:351 - Updater called before beeing initialized
2026-07-09 22:23:25,982 [FATAL] Updater:351 - Updater called before beeing initialized
2026-07-09 22:23:25,982 [FATAL] Updater:351 - Updater called before beeing initialized
2026-07-09 22:23:25,982 [WARN] DetailPanel:346 - Failed to get advertising image, set to default
2026-07-09 22:23:25,983 [FATAL] Updater:351 - Updater called before beeing initialized
2026-07-09 22:23:26,027 [ERROR] Updater:1198 - MainUpdater not yet initialized. External WinMGr cannot be set.
2026-07-09 22:23:26,028 [INFO] Updater:1134 - Updater Version found : 6.15.0
2026-07-09 22:23:26,040 [INFO] ApplicationProperties:184 - Using Application install path: C:\ST\STM32CubeIDE_1.19.0\STM32CubeIDE\plugins\com.st.stm32cube.common.mx_6.15.0.202507011659
2026-07-09 22:23:27,621 [ERROR] LogOutputStream:75 - [STDERR_REDIRECT] Jul 09, 2026 10:23:27 PM java.util.prefs.WindowsPreferences <init>
2026-07-09 22:23:27,623 [ERROR] LogOutputStream:75 - [STDERR_REDIRECT] WARNING: Could not open/create prefs root node Software\JavaSoft\Prefs at root 0xffffffff80000002. Windows RegCreateKeyEx(...) returned error code 5.
2026-07-09 22:23:27,624 [ERROR] LogOutputStream:75 - [STDERR_REDIRECT] 
2026-07-09 22:23:27,918 [INFO] ThirdPartyUpdaterWithRetryManager:70 - Updater plugin not ready yet. [2/15]
2026-07-09 22:23:28,079 [INFO] MainUpdater:2872 - connection check result : 10
2026-07-09 22:23:28,080 [INFO] MainUpdater:289 - Updater Check For Update Now.
2026-07-09 22:23:28,080 [INFO] MicroXplorer:498 - Change Database Version : DB.6.0.150
2026-07-09 22:23:28,086 [INFO] McuFinderGlobals:63 - Set McuFinder mode to 2 (CubeIDE integrated)
2026-07-09 22:23:28,086 [INFO] UserAuth:171 - activating auth plugin
2026-07-09 22:23:28,089 [INFO] UserAuth:487 - Internet connection configuration mode: 1
2026-07-09 22:23:28,108 [INFO] JxBrowserEngine:152 - Initiate JxBrowser Engine with user profile folder
2026-07-09 22:23:28,289 [INFO] CheckServerUpdateThread:120 - End of CheckServer Thread
2026-07-09 22:23:28,670 [INFO] WebApp:169 - Instantiating new browser for Auth
2026-07-09 22:23:29,292 [INFO] WebApp:463 - Apply proxy settings
2026-07-09 22:23:29,293 [INFO] WebApp:548 - Chromium requires no authentication
2026-07-09 22:23:29,301 [INFO] WebApp:491 - Direct internet connection detected
2026-07-09 22:23:29,325 [INFO] WebApp:900 - Register for checkConnection events
2026-07-09 22:23:29,325 [INFO] WebApp:463 - Apply proxy settings
2026-07-09 22:23:29,328 [INFO] WebApp:548 - Chromium requires no authentication
2026-07-09 22:23:29,329 [INFO] WebApp:491 - Direct internet connection detected
2026-07-09 22:23:29,518 [INFO] WebApp:225 - Starting web application
2026-07-09 22:23:29,519 [INFO] WebApp:593 - Web application path used C:\ST\STM32CubeIDE_1.19.0\STM32CubeIDE\plugins\com.st.stm32cube.common.mx_6.15.0.202507011659\db\plugins\mcufinder\reactClient1\index.html
2026-07-09 22:23:29,652 [INFO] WebApp:191 - Connection restablished
2026-07-09 22:23:31,243 [WARN] PackLoader:240 - Cannot read IP mode file for STMicroelectronics.X-CUBE-AZRTOS-H7.3.5.0
2026-07-09 22:23:31,261 [WARN] PackLoader:240 - Cannot read IP mode file for STMicroelectronics.FP-ATR-ASTRA1.2.0.2
2026-07-09 22:23:31,271 [ERROR] Engine:466 - C:\Users\ASUS\.stm32cubemx\thirdparties\pdsc\STMicroelectronics.X-CUBE-SMBUS.2.1.1.pdsc: PDSC version is not supported
2026-07-09 22:23:31,310 [WARN] PackLoader:240 - Cannot read IP mode file for STMicroelectronics.X-CUBE-AZRTOS-F7.1.1.0
2026-07-09 22:23:31,329 [WARN] PackLoader:240 - Cannot read IP mode file for STMicroelectronics.X-CUBE-FREERTOS.1.6.0
2026-07-09 22:23:31,337 [WARN] PackLoader:240 - Cannot read IP mode file for STMicroelectronics.FP-SNS-MOTENV1.5.1.0
2026-07-09 22:23:31,384 [WARN] PackLoader:240 - Cannot read IP mode file for STMicroelectronics.X-CUBE-AZRTOS-H7RS.1.3.0
2026-07-09 22:23:31,403 [WARN] PackLoader:240 - Cannot read IP mode file for WES.I-CUBE-Cesium.1.4.0
2026-07-09 22:23:31,418 [WARN] PackLoader:240 - Cannot read IP mode file for STMicroelectronics.X-CUBE-DISPLAY.3.0.0
2026-07-09 22:23:31,436 [WARN] PackLoader:240 - Cannot read IP mode file for STMicroelectronics.X-CUBE-GNSS1.7.1.1
2026-07-09 22:23:31,447 [WARN] PackLoader:240 - Cannot read IP mode file for STMicroelectronics.FP-SNS-MOTENVWB1.1.5.0
2026-07-09 22:23:31,454 [WARN] PackLoader:240 - Cannot read IP mode file for wolfSSL.I-CUBE-wolfSSL.5.9.1
2026-07-09 22:23:31,464 [WARN] PackLoader:240 - Cannot read IP mode file for STMicroelectronics.X-CUBE-NFC10.1.0.0
2026-07-09 22:23:31,487 [WARN] PackLoader:240 - Cannot read IP mode file for STMicroelectronics.X-CUBE-ST60.1.1.0
2026-07-09 22:23:31,498 [WARN] PackLoader:240 - Cannot read IP mode file for emotas.I-CUBE-CANOPEN.1.3.0
2026-07-09 22:23:31,502 [ERROR] Engine:466 - C:\Users\ASUS\.stm32cubemx\thirdparties\pdsc\STMicroelectronics.X-CUBE-WBA.1.1.0.pdsc: PDSC version is not supported
2026-07-09 22:23:31,512 [WARN] PackLoader:240 - Cannot read IP mode file for STMicroelectronics.FP-SNS-STBOX1.2.1.0
2026-07-09 22:23:31,522 [WARN] PackLoader:240 - Cannot read IP mode file for STMicroelectronics.FP-SNS-SMARTAG2.1.2.0
2026-07-09 22:23:31,531 [WARN] PackLoader:240 - Cannot read IP mode file for STMicroelectronics.FP-SNS-FLIGHT1.5.1.0
2026-07-09 22:23:31,545 [INFO] LogOutputStream:77 - [STDOUT_REDIRECT] 1 : Invalid condition id : UX_CORESTACK_Condition cause : null
2026-07-09 22:23:31,546 [INFO] LogOutputStream:77 - [STDOUT_REDIRECT] 1 : Invalid condition id : UX_CORESTACK_Condition cause : null
2026-07-09 22:23:31,548 [INFO] LogOutputStream:77 - [STDOUT_REDIRECT] 1 : Invalid condition id : UX_CORESTACK_Condition cause : null
2026-07-09 22:23:31,549 [INFO] LogOutputStream:77 - [STDOUT_REDIRECT] 1 : Invalid condition id : UX_CORESTACK_Condition cause : null
2026-07-09 22:23:31,550 [INFO] LogOutputStream:77 - [STDOUT_REDIRECT] 1 : Invalid condition id : UX_CORESTACK_Condition cause : null
2026-07-09 22:23:31,555 [WARN] PackLoader:240 - Cannot read IP mode file for STMicroelectronics.X-CUBE-AZRTOS-WL.2.0.0
2026-07-09 22:23:31,565 [WARN] PackLoader:240 - Cannot read IP mode file for STMicroelectronics.X-CUBE-BLE2.3.3.0
2026-07-09 22:23:31,614 [WARN] PackLoader:240 - Cannot read IP mode file for Infineon.AIROC-Wi-Fi-Bluetooth-STM32.1.8.0
2026-07-09 22:23:31,628 [WARN] PackLoader:240 - Cannot read IP mode file for STMicroelectronics.X-CUBE-NFC9.1.0.0
2026-07-09 22:23:31,636 [WARN] PackLoader:240 - Cannot read IP mode file for STMicroelectronics.X-CUBE-BLE1.7.1.0
2026-07-09 22:23:31,641 [WARN] PackLoader:240 - Cannot read IP mode file for wolfSSL.I-CUBE-wolfMQTT.1.19.2
2026-07-09 22:23:31,649 [WARN] PackLoader:240 - Cannot read IP mode file for STMicroelectronics.X-CUBE-EEPRMA1.5.2.0
2026-07-09 22:23:31,658 [WARN] PackLoader:240 - Cannot read IP mode file for STMicroelectronics.FP-SNS-STAIOTCFT.1.1.0
2026-07-09 22:23:31,678 [WARN] PackLoader:240 - Cannot read IP mode file for STMicroelectronics.X-CUBE-AZRTOS-G0.1.1.0
2026-07-09 22:23:31,685 [WARN] PackLoader:240 - Cannot read IP mode file for STMicroelectronics.X-CUBE-NFC4.3.0.0
2026-07-09 22:23:31,697 [WARN] PackLoader:240 - Cannot read IP mode file for EmbeddedOffice.I-CUBE-FS-RTOS.1.0.1
2026-07-09 22:23:31,700 [WARN] PackLoader:240 - Cannot read IP mode file for wolfSSL.I-CUBE-wolfTPM.3.8.0
2026-07-09 22:23:31,705 [WARN] PackLoader:240 - Cannot read IP mode file for STMicroelectronics.X-CUBE-TCPP.4.2.0
2026-07-09 22:23:31,714 [WARN] PackLoader:240 - Cannot read IP mode file for RealThread.X-CUBE-RT-Thread_Nano.4.1.1
2026-07-09 22:23:31,718 [WARN] PackLoader:240 - Cannot read IP mode file for STMicroelectronics.FP-ATR-SIGFOX1.3.2.0
2026-07-09 22:23:31,725 [WARN] PackLoader:240 - Cannot read IP mode file for ITTIA_DB.I-CUBE-ITTIADB.8.9.0
2026-07-09 22:23:31,730 [WARN] PackLoader:240 - Cannot read IP mode file for Cesanta.I-CUBE-Mongoose.7.21.7
2026-07-09 22:23:31,735 [WARN] PackLoader:240 - Cannot read IP mode file for STMicroelectronics.X-CUBE-NFC6.3.2.0
2026-07-09 22:23:31,744 [WARN] PackLoader:240 - Cannot read IP mode file for STMicroelectronics.X-CUBE-AI.10.2.1
2026-07-09 22:23:31,809 [WARN] PackLoader:240 - Cannot read IP mode file for STMicroelectronics.X-CUBE-MEMS1.12.1.0
2026-07-09 22:23:32,030 [WARN] PackLoader:240 - Cannot read IP mode file for SEGGER.I-CUBE-embOS.1.3.1
2026-07-09 22:23:32,100 [WARN] PackLoader:240 - Cannot read IP mode file for STMicroelectronics.X-CUBE-NFC13.1.0.0
2026-07-09 22:23:32,110 [WARN] PackLoader:240 - Cannot read IP mode file for STMicroelectronics.X-CUBE-PM33A1.1.0.0
2026-07-09 22:23:32,127 [WARN] PackLoader:240 - Cannot read IP mode file for STMicroelectronics.X-CUBE-AZRTOS-F4.1.1.0
2026-07-09 22:23:32,135 [WARN] PackLoader:240 - Cannot read IP mode file for STMicroelectronics.X-CUBE-ISPU.2.1.0
2026-07-09 22:23:32,148 [WARN] PackLoader:240 - Cannot read IP mode file for STMicroelectronics.X-CUBE-IPS.3.2.0
2026-07-09 22:23:32,160 [WARN] PackLoader:240 - Cannot read IP mode file for STMicroelectronics.eDS-WB_DPC_TT-BIDIR.2.1.1
2026-07-09 22:23:32,172 [WARN] PackLoader:240 - Cannot read IP mode file for STMicroelectronics.X-CUBE-NFC12.1.0.0
2026-07-09 22:23:32,194 [WARN] PackLoader:240 - Cannot read IP mode file for STMicroelectronics.X-CUBE-AZRTOS-L5.2.0.0
2026-07-09 22:23:32,202 [WARN] PackLoader:240 - Cannot read IP mode file for STMicroelectronics.X-CUBE-ALGOBUILD.1.5.0
2026-07-09 22:23:32,206 [WARN] PackLoader:240 - Cannot read IP mode file for STMicroelectronics.eDS-WB_DPC_VIENNA.1.2.0
2026-07-09 22:23:32,212 [WARN] PackLoader:240 - Cannot read IP mode file for STMicroelectronics.eDS-WB_DPC_3PH2L-BIDIR.1.1.1
2026-07-09 22:23:32,215 [ERROR] Engine:466 - C:\Users\ASUS\.stm32cubemx\thirdparties\pdsc\STMicroelectronics.X-CUBE-ST67W61.1.3.0.pdsc: PDSC version is not supported
2026-07-09 22:23:32,219 [WARN] PackLoader:240 - Cannot read IP mode file for STMicroelectronics.X-CUBE-TOUCHGFX.4.26.1
2026-07-09 22:23:32,226 [WARN] PackLoader:240 - Cannot read IP mode file for STMicroelectronics.X-CUBE-DPower.1.3.0
2026-07-09 22:23:32,239 [WARN] ConditionMgr:438 - getConditionDescription Invalid condition id : LAN8742 Phy interface Condition cause : null
2026-07-09 22:23:32,240 [WARN] PackLoader:240 - Cannot read IP mode file for STMicroelectronics.X-CUBE-AZRTOS-L4.2.0.0
2026-07-09 22:23:32,243 [WARN] ConditionMgr:1044 - genDependencies : Invalid condition id : LAN8742 Phy interface Condition cause : null
2026-07-09 22:23:32,243 [WARN] ConditionMgr:1044 - genDependencies : Invalid condition id : LAN8742 Phy interface Condition cause : null
2026-07-09 22:23:32,244 [WARN] ConditionMgr:1044 - genDependencies : Invalid condition id : LAN8742 Phy interface Condition cause : null
2026-07-09 22:23:32,252 [WARN] PackLoader:240 - Cannot read IP mode file for STMicroelectronics.X-CUBE-SFXS2LP1.4.0.0
2026-07-09 22:23:32,261 [WARN] PackLoader:240 - Cannot read IP mode file for STMicroelectronics.X-CUBE-WB05N.2.1.0
2026-07-09 22:23:32,273 [WARN] PackLoader:240 - Cannot read IP mode file for STMicroelectronics.X-CUBE-BLEMGR.4.1.0
2026-07-09 22:23:32,293 [WARN] ConditionMgr:438 - getConditionDescription Invalid condition id : UX DEVICE CLASS RTOS Condition cause : null
2026-07-09 22:23:32,293 [WARN] ConditionMgr:438 - getConditionDescription Invalid condition id : UX DEVICE CLASS RTOS Condition cause : null
2026-07-09 22:23:32,296 [WARN] PackLoader:240 - Cannot read IP mode file for STMicroelectronics.X-CUBE-AZRTOS-WB.2.0.0
2026-07-09 22:23:32,296 [WARN] ConditionMgr:1044 - genDependencies : Invalid condition id : UX DEVICE CLASS RTOS Condition cause : null
2026-07-09 22:23:32,296 [WARN] ConditionMgr:1044 - genDependencies : Invalid condition id : UX DEVICE CLASS RTOS Condition cause : null
2026-07-09 22:23:32,297 [WARN] ConditionMgr:1044 - genDependencies : Invalid condition id : UX DEVICE CLASS RTOS Condition cause : null
2026-07-09 22:23:32,297 [WARN] ConditionMgr:1044 - genDependencies : Invalid condition id : UX DEVICE CLASS RTOS Condition cause : null
2026-07-09 22:23:32,297 [WARN] ConditionMgr:1044 - genDependencies : Invalid condition id : UX DEVICE CLASS RTOS Condition cause : null
2026-07-09 22:23:32,301 [WARN] ConditionMgr:438 - getConditionDescription Invalid condition id : Cortex-A Device cause : null
2026-07-09 22:23:32,311 [WARN] ConditionMgr:1044 - genDependencies : Invalid condition id : Cortex-A Device cause : null
2026-07-09 22:23:32,311 [WARN] ConditionMgr:1044 - genDependencies : Invalid condition id : Cortex-A Device cause : null
2026-07-09 22:23:32,311 [WARN] ConditionMgr:1044 - genDependencies : Invalid condition id : Cortex-A Device cause : null
2026-07-09 22:23:32,317 [WARN] PackLoader:240 - Cannot read IP mode file for STMicroelectronics.X-CUBE-STSE01.2.0.0
2026-07-09 22:23:32,329 [WARN] PackLoader:240 - Cannot read IP mode file for STMicroelectronics.X-CUBE-SUBG2.5.0.0
2026-07-09 22:23:32,344 [WARN] PackLoader:240 - Cannot read IP mode file for STMicroelectronics.X-CUBE-AZRTOS-G4.2.0.0
2026-07-09 22:23:32,350 [WARN] PackLoader:240 - Cannot read IP mode file for wolfSSL.I-CUBE-wolfSSH.1.4.20
2026-07-09 22:23:32,354 [WARN] PackLoader:240 - Cannot read IP mode file for STMicroelectronics.X-CUBE-NFC7.2.0.0
2026-07-09 22:23:32,358 [ERROR] Engine:466 - C:\Users\ASUS\.stm32cubemx\thirdparties\pdsc\STMicroelectronics.X-CUBE-BLEMGR.4.2.0.pdsc: PDSC version is not supported
2026-07-09 22:23:32,362 [WARN] PackLoader:240 - Cannot read IP mode file for STMicroelectronics.X-CUBE-ALS.1.0.2
2026-07-09 22:23:32,374 [WARN] PackLoader:240 - Cannot read IP mode file for STMicroelectronics.X-CUBE-TOF1.3.4.3
2026-07-09 22:23:32,386 [INFO] ThirdParty:978 - Integrity check success = true
2026-07-09 22:23:32,386 [INFO] IntegrityCheckThread:100 - exiting critical section [integrity check]
2026-07-09 22:23:32,386 [INFO] IntegrityCheckThread:103 - End integrity checks thread
2026-07-09 22:27:08,933 [ERROR] LogOutputStream:75 - [STDERR_REDIRECT] 
2026-07-09 22:27:08,934 [ERROR] LogOutputStream:75 - [STDERR_REDIRECT] 
2026-07-09 22:27:17,422 [INFO] Activator:176 - 


2026-07-09 22:27:17,425 [INFO] Activator:177 - !SESSION log4j initialized
2026-07-09 22:27:21,903 [INFO] LogOutputStream:77 - [STDOUT_REDIRECT] 
2026-07-09 22:27:23,964 [INFO] ApplicationProperties:184 - Using Application install path: C:\ST\STM32CubeIDE_1.19.0\STM32CubeIDE\plugins\com.st.stm32cube.common.mx_6.15.0.202507011659
2026-07-09 22:27:23,979 [INFO] DbMcusXml:78 - Set database path to: C:\ST\STM32CubeIDE_1.19.0\STM32CubeIDE\plugins\com.st.stm32cube.common.mx_6.15.0.202507011659\\db\/mcu/
2026-07-09 22:27:23,980 [INFO] ApiDb:274 - Set plugin database path to: C:\ST\STM32CubeIDE_1.19.0\STM32CubeIDE\plugins\com.st.stm32cube.common.mx_6.15.0.202507011659\\db\/plugins/boardmanager/
2026-07-09 22:27:23,980 [WARN] ApiDb:259 - Overriding images path with different value:  => C:\ST\STM32CubeIDE_1.19.0\STM32CubeIDE\plugins\com.st.stm32cube.common.mx_6.15.0.202507011659\\db\/plugins/mcufinder/images/
2026-07-09 22:27:23,987 [INFO] ApiDb:250 - Set database path to: C:\Users\ASUS\.stmcufinder\plugins\mcufinder//mcu/
2026-07-09 22:27:23,988 [INFO] DbMcusAds:125 - Set database path to: C:\Users\ASUS\.stmcufinder\plugins\mcufinder//mcu/
2026-07-09 22:27:23,990 [INFO] CrossReferenceDbSqlite:203 - Set database path to: C:\Users\ASUS\.stmcufinder\plugins\mcufinder//mcu/cs/
2026-07-09 22:27:24,099 [INFO] RulesReader:64 - Compatibility file has been processed (317 Rules)
2026-07-09 22:27:24,179 [INFO] DbMcusXml:78 - Set database path to: C:\ST\STM32CubeIDE_1.19.0\STM32CubeIDE\plugins\com.st.stm32cube.common.mx_6.15.0.202507011659\\db\/mcu/
2026-07-09 22:27:24,180 [INFO] ApiDb:274 - Set plugin database path to: C:\ST\STM32CubeIDE_1.19.0\STM32CubeIDE\plugins\com.st.stm32cube.common.mx_6.15.0.202507011659\\db\/plugins/boardmanager/
2026-07-09 22:27:24,180 [INFO] ApiDb:261 - Set plugin images path to: C:\ST\STM32CubeIDE_1.19.0\STM32CubeIDE\plugins\com.st.stm32cube.common.mx_6.15.0.202507011659\\db\/plugins/mcufinder/images/
2026-07-09 22:27:24,180 [WARN] DbFile:41 - Overriding database path with different value: C:\Users\ASUS\.stmcufinder\plugins\mcufinder/ => C:\Users\ASUS\.stmcufinder\plugins\mcufinder
2026-07-09 22:27:24,180 [INFO] ApiDb:250 - Set database path to: C:\Users\ASUS\.stmcufinder\plugins\mcufinder//mcu/
2026-07-09 22:27:24,180 [WARN] DbFile:41 - Overriding database path with different value: C:\Users\ASUS\.stmcufinder\plugins\mcufinder/ => C:\Users\ASUS\.stmcufinder\plugins\mcufinder
2026-07-09 22:27:24,180 [INFO] DbMcusAds:125 - Set database path to: C:\Users\ASUS\.stmcufinder\plugins\mcufinder//mcu/
2026-07-09 22:27:24,180 [WARN] DbFile:41 - Overriding database path with different value: C:\Users\ASUS\.stmcufinder\plugins\mcufinder/ => C:\Users\ASUS\.stmcufinder\plugins\mcufinder
2026-07-09 22:27:24,180 [WARN] DbFile:41 - Overriding database path with different value: C:\Users\ASUS\.stmcufinder\plugins\mcufinder/ => C:\Users\ASUS\.stmcufinder\plugins\mcufinder
2026-07-09 22:27:24,180 [INFO] CrossReferenceDbSqlite:203 - Set database path to: C:\Users\ASUS\.stmcufinder\plugins\mcufinder//mcu/cs/
2026-07-09 22:27:24,259 [INFO] MainPanel:274 - HeapMemory: 268435456
2026-07-09 22:27:24,370 [INFO] DbMcusXml:78 - Set database path to: C:\ST\STM32CubeIDE_1.19.0\STM32CubeIDE\plugins\com.st.stm32cube.common.mx_6.15.0.202507011659\\db\/mcu/
2026-07-09 22:27:24,370 [INFO] ApiDb:274 - Set plugin database path to: C:\ST\STM32CubeIDE_1.19.0\STM32CubeIDE\plugins\com.st.stm32cube.common.mx_6.15.0.202507011659\\db\/plugins/boardmanager/
2026-07-09 22:27:24,370 [INFO] ApiDb:261 - Set plugin images path to: C:\ST\STM32CubeIDE_1.19.0\STM32CubeIDE\plugins\com.st.stm32cube.common.mx_6.15.0.202507011659\\db\/plugins/mcufinder/images/
2026-07-09 22:27:24,371 [WARN] DbFile:41 - Overriding database path with different value: C:\Users\ASUS\.stmcufinder\plugins\mcufinder/ => C:\Users\ASUS\.stmcufinder\plugins\mcufinder
2026-07-09 22:27:24,371 [INFO] ApiDb:250 - Set database path to: C:\Users\ASUS\.stmcufinder\plugins\mcufinder//mcu/
2026-07-09 22:27:24,371 [WARN] DbFile:41 - Overriding database path with different value: C:\Users\ASUS\.stmcufinder\plugins\mcufinder/ => C:\Users\ASUS\.stmcufinder\plugins\mcufinder
2026-07-09 22:27:24,371 [INFO] DbMcusAds:125 - Set database path to: C:\Users\ASUS\.stmcufinder\plugins\mcufinder//mcu/
2026-07-09 22:27:24,371 [WARN] DbFile:41 - Overriding database path with different value: C:\Users\ASUS\.stmcufinder\plugins\mcufinder/ => C:\Users\ASUS\.stmcufinder\plugins\mcufinder
2026-07-09 22:27:24,371 [WARN] DbFile:41 - Overriding database path with different value: C:\Users\ASUS\.stmcufinder\plugins\mcufinder/ => C:\Users\ASUS\.stmcufinder\plugins\mcufinder
2026-07-09 22:27:24,371 [INFO] CrossReferenceDbSqlite:203 - Set database path to: C:\Users\ASUS\.stmcufinder\plugins\mcufinder//mcu/cs/
2026-07-09 22:27:24,388 [INFO] ApplicationProperties:184 - Using Application install path: C:\ST\STM32CubeIDE_1.19.0\STM32CubeIDE\plugins\com.st.stm32cube.common.mx_6.15.0.202507011659
2026-07-09 22:27:24,389 [INFO] PluginManage:196 - Search for loadable plugins [exclusion list=, ]
2026-07-09 22:27:24,391 [INFO] PluginManage:310 - Check plugin analytics
2026-07-09 22:27:24,550 [INFO] AnalyticsPlugin:253 - Accepted Software Licenses: STM32CubeMX.6.17.0
2026-07-09 22:27:24,550 [INFO] AnalyticsPlugin:255 - Accepted CMSIS Pack Licenses: 
2026-07-09 22:27:24,551 [INFO] AnalyticsPlugin:257 - Accepted Firmware Licenses: FW.F4.1.28.0,FW.F4.1.28.3
2026-07-09 22:27:24,553 [INFO] PluginManage:359 - Loaded plugin analytics (category:tool,tabindex:-1)
2026-07-09 22:27:24,554 [INFO] PluginManage:310 - Check plugin cadmodel
2026-07-09 22:27:24,558 [INFO] CADModel:105 - Init CAD model plugin
2026-07-09 22:27:24,558 [INFO] PluginManage:359 - Loaded plugin cadmodel (category:power,tabindex:5)
2026-07-09 22:27:24,560 [INFO] PluginManage:310 - Check plugin clock
2026-07-09 22:27:24,569 [INFO] PluginManage:359 - Loaded plugin clock (category:base,tabindex:2)
2026-07-09 22:27:24,569 [INFO] PluginManage:310 - Check plugin ddr
2026-07-09 22:27:24,572 [INFO] PluginManage:359 - Loaded plugin ddr (category:tool,tabindex:6)
2026-07-09 22:27:24,572 [INFO] PluginManage:310 - Check plugin filemanager
2026-07-09 22:27:24,764 [INFO] PluginManage:359 - Loaded plugin filemanager (category:base,tabindex:10)
2026-07-09 22:27:24,764 [INFO] PluginManage:310 - Check plugin ipmanager
2026-07-09 22:27:24,770 [INFO] PluginManage:359 - Loaded plugin ipmanager (category:base,tabindex:5)
2026-07-09 22:27:24,770 [INFO] PluginManage:310 - Check plugin lpbam
2026-07-09 22:27:24,777 [INFO] PluginManage:359 - Loaded plugin lpbam (category:base,tabindex:0)
2026-07-09 22:27:24,777 [INFO] PluginManage:310 - Check plugin memorymap
2026-07-09 22:27:24,792 [INFO] PluginManage:359 - Loaded plugin memorymap (category:base,tabindex:4)
2026-07-09 22:27:24,792 [INFO] PluginManage:310 - Check plugin pinoutandconfiguration
2026-07-09 22:27:24,799 [INFO] PluginManage:359 - Loaded plugin pinoutandconfiguration (category:base,tabindex:1)
2026-07-09 22:27:24,799 [INFO] PluginManage:310 - Check plugin pinoutconfig
2026-07-09 22:27:25,082 [WARN] SupportedApi:132 - Cannot load RTOS API schema: s4s-elt-must-match.1: The content of 'definitions' must match (annotation?, (simpleType | complexType)?, (unique | key | keyref)*)). A problem was found starting at: attribute.
2026-07-09 22:27:25,206 [INFO] PluginManage:359 - Loaded plugin pinoutconfig (category:base,tabindex:0)
2026-07-09 22:27:25,206 [INFO] PluginManage:310 - Check plugin power
2026-07-09 22:27:25,215 [INFO] PluginManage:359 - Loaded plugin power (category:power,tabindex:4)
2026-07-09 22:27:25,215 [INFO] PluginManage:310 - Check plugin projectmanager
2026-07-09 22:27:25,227 [INFO] PluginManage:359 - Loaded plugin projectmanager (category:projectmanager,tabindex:4)
2026-07-09 22:27:25,227 [INFO] PluginManage:310 - Check plugin rif
2026-07-09 22:27:25,235 [INFO] PluginManage:359 - Loaded plugin rif (category:base,tabindex:3)
2026-07-09 22:27:25,235 [INFO] PluginManage:310 - Check plugin thirdparty
2026-07-09 22:27:25,357 [INFO] PluginManage:359 - Loaded plugin thirdparty (category:base,tabindex:-1)
2026-07-09 22:27:25,357 [WARN] IntegrityCheckThread:84 - waiting for thirdparty lock release [integrity check]
2026-07-09 22:27:25,357 [INFO] PluginManage:310 - Check plugin tools
2026-07-09 22:27:25,357 [INFO] IntegrityCheckThread:86 - entering critical section [integrity check]
2026-07-09 22:27:25,358 [INFO] ThirdPartyUpdaterWithRetryManager:70 - Updater plugin not ready yet. [1/15]
2026-07-09 22:27:25,360 [INFO] PluginManage:359 - Loaded plugin tools (category:base,tabindex:7)
2026-07-09 22:27:25,361 [INFO] PluginManage:310 - Check plugin tutovideos
2026-07-09 22:27:25,549 [INFO] PluginManage:359 - Loaded plugin tutovideos (category:base,tabindex:-1)
2026-07-09 22:27:25,550 [INFO] PluginManage:310 - Check plugin updater
2026-07-09 22:27:25,573 [INFO] PluginManage:359 - Loaded plugin updater (category:base,tabindex:12)
2026-07-09 22:27:25,573 [INFO] PluginManage:310 - Check plugin userauth
2026-07-09 22:27:25,577 [INFO] UserAuth:118 - Init User Auth plugin
2026-07-09 22:27:25,578 [INFO] PluginManage:359 - Loaded plugin userauth (category:base,tabindex:14)
2026-07-09 22:27:25,578 [INFO] PluginManage:283 - PluginManage : Loaded plugins [18]
2026-07-09 22:27:25,772 [INFO] PinOutPanel:1589 - setPackage(No Configuration,No Configuration)
2026-07-09 22:27:25,854 [INFO] CADModel:165 - CPN selected for project level
2026-07-09 22:27:25,854 [INFO] CADModel:114 - Register for checkConnection events
2026-07-09 22:27:25,867 [INFO] IPUIPlugin:80 - create IPUIPlugin
2026-07-09 22:27:25,867 [INFO] PluginManager:220 - loadIPPluginJar : add adc
2026-07-09 22:27:25,870 [INFO] IPUIPlugin:80 - create IPUIPlugin
2026-07-09 22:27:25,870 [INFO] PluginManager:220 - loadIPPluginJar : add aes
2026-07-09 22:27:25,873 [INFO] IPUIPlugin:80 - create IPUIPlugin
2026-07-09 22:27:25,873 [INFO] PluginManager:220 - loadIPPluginJar : add can
2026-07-09 22:27:25,875 [INFO] IPUIPlugin:80 - create IPUIPlugin
2026-07-09 22:27:25,875 [INFO] PluginManager:220 - loadIPPluginJar : add comp
2026-07-09 22:27:25,877 [INFO] IPUIPlugin:80 - create IPUIPlugin
2026-07-09 22:27:25,877 [INFO] PluginManager:220 - loadIPPluginJar : add cryp
2026-07-09 22:27:25,880 [INFO] IPUIPlugin:80 - create IPUIPlugin
2026-07-09 22:27:25,880 [INFO] PluginManager:220 - loadIPPluginJar : add ddr_ctrl_phy
2026-07-09 22:27:25,882 [INFO] IPUIPlugin:80 - create IPUIPlugin
2026-07-09 22:27:25,882 [INFO] PluginManager:220 - loadIPPluginJar : add dfsdm
2026-07-09 22:27:25,886 [INFO] IPUIPlugin:80 - create IPUIPlugin
2026-07-09 22:27:25,887 [INFO] PluginManager:220 - loadIPPluginJar : add dma
2026-07-09 22:27:25,889 [INFO] IPUIPlugin:80 - create IPUIPlugin
2026-07-09 22:27:25,889 [INFO] PluginManager:220 - loadIPPluginJar : add dma3
2026-07-09 22:27:25,892 [INFO] IPUIPlugin:80 - create IPUIPlugin
2026-07-09 22:27:25,892 [INFO] PluginManager:220 - loadIPPluginJar : add extmemmanager
2026-07-09 22:27:25,893 [INFO] IPUIPlugin:80 - create IPUIPlugin
2026-07-09 22:27:25,893 [INFO] PluginManager:220 - loadIPPluginJar : add fatfs
2026-07-09 22:27:25,897 [INFO] IPUIPlugin:80 - create IPUIPlugin
2026-07-09 22:27:25,897 [INFO] PluginManager:220 - loadIPPluginJar : add fmc
2026-07-09 22:27:25,902 [INFO] IPUIPlugin:80 - create IPUIPlugin
2026-07-09 22:27:25,902 [INFO] PluginManager:220 - loadIPPluginJar : add freertos
2026-07-09 22:27:25,904 [INFO] IPUIPlugin:80 - create IPUIPlugin
2026-07-09 22:27:25,904 [INFO] PluginManager:220 - loadIPPluginJar : add genericplugin
2026-07-09 22:27:25,906 [INFO] IPUIPlugin:80 - create IPUIPlugin
2026-07-09 22:27:25,906 [INFO] PluginManager:220 - loadIPPluginJar : add gfxmmu
2026-07-09 22:27:25,910 [INFO] IPUIPlugin:80 - create IPUIPlugin
2026-07-09 22:27:25,910 [INFO] PluginManager:220 - loadIPPluginJar : add gic
2026-07-09 22:27:25,915 [INFO] IPUIPlugin:80 - create IPUIPlugin
2026-07-09 22:27:25,915 [INFO] PluginManager:220 - loadIPPluginJar : add gpio
2026-07-09 22:27:25,917 [INFO] IPUIPlugin:80 - create IPUIPlugin
2026-07-09 22:27:25,917 [INFO] PluginManager:220 - loadIPPluginJar : add gtzc
2026-07-09 22:27:25,919 [INFO] IPUIPlugin:80 - create IPUIPlugin
2026-07-09 22:27:25,919 [INFO] PluginManager:220 - loadIPPluginJar : add hash
2026-07-09 22:27:25,924 [INFO] IPUIPlugin:80 - create IPUIPlugin
2026-07-09 22:27:25,924 [INFO] PluginManager:220 - loadIPPluginJar : add i2c
2026-07-09 22:27:25,927 [INFO] IPUIPlugin:80 - create IPUIPlugin
2026-07-09 22:27:25,928 [INFO] PluginManager:220 - loadIPPluginJar : add i2s
2026-07-09 22:27:25,930 [INFO] IPUIPlugin:80 - create IPUIPlugin
2026-07-09 22:27:25,930 [INFO] PluginManager:220 - loadIPPluginJar : add i3c
2026-07-09 22:27:25,934 [INFO] IPUIPlugin:80 - create IPUIPlugin
2026-07-09 22:27:25,934 [INFO] PluginManager:220 - loadIPPluginJar : add ipddr
2026-07-09 22:27:25,941 [INFO] IPUIPlugin:80 - create IPUIPlugin
2026-07-09 22:27:25,941 [INFO] PluginManager:220 - loadIPPluginJar : add linkedlist
2026-07-09 22:27:25,945 [INFO] IPUIPlugin:80 - create IPUIPlugin
2026-07-09 22:27:25,946 [INFO] PluginManager:220 - loadIPPluginJar : add lorawan
2026-07-09 22:27:25,948 [INFO] IPUIPlugin:80 - create IPUIPlugin
2026-07-09 22:27:25,948 [INFO] PluginManager:220 - loadIPPluginJar : add ltdc
2026-07-09 22:27:25,953 [INFO] IPUIPlugin:80 - create IPUIPlugin
2026-07-09 22:27:25,953 [INFO] PluginManager:220 - loadIPPluginJar : add mdma
2026-07-09 22:27:25,957 [INFO] IPUIPlugin:80 - create IPUIPlugin
2026-07-09 22:27:25,957 [INFO] PluginManager:220 - loadIPPluginJar : add nvic
2026-07-09 22:27:25,960 [INFO] IPUIPlugin:80 - create IPUIPlugin
2026-07-09 22:27:25,960 [INFO] PluginManager:220 - loadIPPluginJar : add opamp
2026-07-09 22:27:25,964 [INFO] IPUIPlugin:80 - create IPUIPlugin
2026-07-09 22:27:25,964 [INFO] PluginManager:220 - loadIPPluginJar : add openamp
2026-07-09 22:27:25,967 [INFO] IPUIPlugin:80 - create IPUIPlugin
2026-07-09 22:27:25,968 [INFO] PluginManager:220 - loadIPPluginJar : add pdm2pcm
2026-07-09 22:27:25,974 [INFO] IPUIPlugin:80 - create IPUIPlugin
2026-07-09 22:27:25,977 [INFO] PluginManager:220 - loadIPPluginJar : add plateformsettings
2026-07-09 22:27:25,979 [INFO] IPUIPlugin:80 - create IPUIPlugin
2026-07-09 22:27:25,979 [INFO] PluginManager:220 - loadIPPluginJar : add quadspi
2026-07-09 22:27:25,981 [INFO] IPUIPlugin:80 - create IPUIPlugin
2026-07-09 22:27:25,982 [INFO] PluginManager:220 - loadIPPluginJar : add radio
2026-07-09 22:27:25,985 [ERROR] ConfigurationRetriever:142 - IOException on connection: Read timed out
2026-07-09 22:27:25,985 [INFO] IPUIPlugin:80 - create IPUIPlugin
2026-07-09 22:27:25,985 [INFO] PluginManager:220 - loadIPPluginJar : add resmgrutility
2026-07-09 22:27:25,988 [INFO] IPUIPlugin:80 - create IPUIPlugin
2026-07-09 22:27:25,989 [INFO] PluginManager:220 - loadIPPluginJar : add sai
2026-07-09 22:27:25,991 [INFO] IPUIPlugin:80 - create IPUIPlugin
2026-07-09 22:27:25,991 [INFO] PluginManager:220 - loadIPPluginJar : add spi
2026-07-09 22:27:25,998 [INFO] IPUIPlugin:80 - create IPUIPlugin
2026-07-09 22:27:25,998 [INFO] PluginManager:220 - loadIPPluginJar : add stm32_wpan
2026-07-09 22:27:26,000 [INFO] IPUIPlugin:80 - create IPUIPlugin
2026-07-09 22:27:26,000 [INFO] PluginManager:220 - loadIPPluginJar : add tim
2026-07-09 22:27:26,003 [INFO] IPUIPlugin:80 - create IPUIPlugin
2026-07-09 22:27:26,004 [INFO] PluginManager:220 - loadIPPluginJar : add touchsensing
2026-07-09 22:27:26,006 [INFO] IPUIPlugin:80 - create IPUIPlugin
2026-07-09 22:27:26,007 [INFO] PluginManager:220 - loadIPPluginJar : add tracer_emb
2026-07-09 22:27:26,009 [INFO] IPUIPlugin:80 - create IPUIPlugin
2026-07-09 22:27:26,009 [INFO] PluginManager:220 - loadIPPluginJar : add ts
2026-07-09 22:27:26,011 [INFO] IPUIPlugin:80 - create IPUIPlugin
2026-07-09 22:27:26,011 [INFO] PluginManager:220 - loadIPPluginJar : add tsc
2026-07-09 22:27:26,013 [INFO] IPUIPlugin:80 - create IPUIPlugin
2026-07-09 22:27:26,014 [INFO] PluginManager:220 - loadIPPluginJar : add ucpd
2026-07-09 22:27:26,017 [INFO] IPUIPlugin:80 - create IPUIPlugin
2026-07-09 22:27:26,017 [INFO] PluginManager:220 - loadIPPluginJar : add usart
2026-07-09 22:27:26,021 [INFO] IPUIPlugin:80 - create IPUIPlugin
2026-07-09 22:27:26,021 [INFO] PluginManager:220 - loadIPPluginJar : add usbx
2026-07-09 22:27:26,191 [FATAL] Updater:351 - Updater called before beeing initialized
2026-07-09 22:27:26,221 [INFO] RulesReader:64 - Compatibility file has been processed (317 Rules)
2026-07-09 22:27:26,236 [INFO] RulesReader:64 - Compatibility file has been processed (317 Rules)
2026-07-09 22:27:26,251 [INFO] CADModel:165 - CPN selected for project level
2026-07-09 22:27:26,251 [INFO] CADModel:114 - Register for checkConnection events
2026-07-09 22:27:26,251 [FATAL] Updater:351 - Updater called before beeing initialized
2026-07-09 22:27:26,251 [ERROR] CADModel:125 - Updater not yet initialized, retry later 
2026-07-09 22:27:26,505 [FATAL] Updater:351 - Updater called before beeing initialized
2026-07-09 22:27:26,507 [INFO] CADModel:165 - CPN selected for project level
2026-07-09 22:27:26,507 [INFO] CADModel:114 - Register for checkConnection events
2026-07-09 22:27:26,507 [FATAL] Updater:351 - Updater called before beeing initialized
2026-07-09 22:27:26,508 [ERROR] CADModel:125 - Updater not yet initialized, retry later 
2026-07-09 22:27:26,511 [FATAL] Updater:351 - Updater called before beeing initialized
2026-07-09 22:27:26,624 [FATAL] Updater:351 - Updater called before beeing initialized
2026-07-09 22:27:26,627 [INFO] DbMcusAds:53 - JSON generation date=Thu May 28 21:38:17 IST 2026 (1779984497073)
2026-07-09 22:27:26,628 [FATAL] Updater:351 - Updater called before beeing initialized
2026-07-09 22:27:26,661 [WARN] DetailPanel:346 - Failed to get advertising image, set to default
2026-07-09 22:27:26,743 [FATAL] Updater:351 - Updater called before beeing initialized
2026-07-09 22:27:26,745 [FATAL] Updater:351 - Updater called before beeing initialized
2026-07-09 22:27:26,745 [FATAL] Updater:351 - Updater called before beeing initialized
2026-07-09 22:27:26,745 [WARN] DetailPanel:346 - Failed to get advertising image, set to default
2026-07-09 22:27:26,747 [FATAL] Updater:351 - Updater called before beeing initialized
2026-07-09 22:27:26,792 [ERROR] Updater:1198 - MainUpdater not yet initialized. External WinMGr cannot be set.
2026-07-09 22:27:26,795 [INFO] Updater:1134 - Updater Version found : 6.15.0
2026-07-09 22:27:26,809 [INFO] ApplicationProperties:184 - Using Application install path: C:\ST\STM32CubeIDE_1.19.0\STM32CubeIDE\plugins\com.st.stm32cube.common.mx_6.15.0.202507011659
2026-07-09 22:27:28,360 [INFO] ThirdPartyUpdaterWithRetryManager:70 - Updater plugin not ready yet. [2/15]
2026-07-09 22:27:28,428 [ERROR] LogOutputStream:75 - [STDERR_REDIRECT] Jul 09, 2026 10:27:28 PM java.util.prefs.WindowsPreferences <init>
2026-07-09 22:27:28,429 [ERROR] LogOutputStream:75 - [STDERR_REDIRECT] WARNING: Could not open/create prefs root node Software\JavaSoft\Prefs at root 0xffffffff80000002. Windows RegCreateKeyEx(...) returned error code 5.
2026-07-09 22:27:28,429 [ERROR] LogOutputStream:75 - [STDERR_REDIRECT] 
2026-07-09 22:27:28,808 [INFO] MainUpdater:2872 - connection check result : 10
2026-07-09 22:27:28,808 [INFO] MainUpdater:289 - Updater Check For Update Now.
2026-07-09 22:27:28,808 [INFO] MicroXplorer:498 - Change Database Version : DB.6.0.150
2026-07-09 22:27:28,939 [INFO] McuFinderGlobals:63 - Set McuFinder mode to 2 (CubeIDE integrated)
2026-07-09 22:27:28,940 [INFO] UserAuth:171 - activating auth plugin
2026-07-09 22:27:28,944 [INFO] UserAuth:487 - Internet connection configuration mode: 1
2026-07-09 22:27:29,071 [INFO] JxBrowserEngine:152 - Initiate JxBrowser Engine with user profile folder
2026-07-09 22:27:29,196 [INFO] CheckServerUpdateThread:120 - End of CheckServer Thread
2026-07-09 22:27:29,992 [INFO] WebApp:169 - Instantiating new browser for Auth
2026-07-09 22:27:30,876 [INFO] WebApp:463 - Apply proxy settings
2026-07-09 22:27:30,876 [INFO] WebApp:548 - Chromium requires no authentication
2026-07-09 22:27:30,898 [INFO] WebApp:491 - Direct internet connection detected
2026-07-09 22:27:30,967 [INFO] WebApp:900 - Register for checkConnection events
2026-07-09 22:27:30,967 [INFO] WebApp:463 - Apply proxy settings
2026-07-09 22:27:30,967 [INFO] WebApp:548 - Chromium requires no authentication
2026-07-09 22:27:30,969 [INFO] WebApp:491 - Direct internet connection detected
2026-07-09 22:27:31,206 [INFO] WebApp:191 - Connection restablished
2026-07-09 22:27:31,213 [INFO] WebApp:225 - Starting web application
2026-07-09 22:27:31,214 [INFO] WebApp:593 - Web application path used C:\ST\STM32CubeIDE_1.19.0\STM32CubeIDE\plugins\com.st.stm32cube.common.mx_6.15.0.202507011659\db\plugins\mcufinder\reactClient1\index.html
2026-07-09 22:27:31,837 [WARN] PackLoader:240 - Cannot read IP mode file for STMicroelectronics.X-CUBE-AZRTOS-H7.3.5.0
2026-07-09 22:27:31,870 [WARN] PackLoader:240 - Cannot read IP mode file for STMicroelectronics.FP-ATR-ASTRA1.2.0.2
2026-07-09 22:27:31,880 [ERROR] Engine:466 - C:\Users\ASUS\.stm32cubemx\thirdparties\pdsc\STMicroelectronics.X-CUBE-SMBUS.2.1.1.pdsc: PDSC version is not supported
2026-07-09 22:27:31,913 [WARN] PackLoader:240 - Cannot read IP mode file for STMicroelectronics.X-CUBE-AZRTOS-F7.1.1.0
2026-07-09 22:27:31,929 [WARN] PackLoader:240 - Cannot read IP mode file for STMicroelectronics.X-CUBE-FREERTOS.1.6.0
2026-07-09 22:27:31,938 [WARN] PackLoader:240 - Cannot read IP mode file for STMicroelectronics.FP-SNS-MOTENV1.5.1.0
2026-07-09 22:27:31,972 [WARN] PackLoader:240 - Cannot read IP mode file for STMicroelectronics.X-CUBE-AZRTOS-H7RS.1.3.0
2026-07-09 22:27:31,990 [WARN] PackLoader:240 - Cannot read IP mode file for WES.I-CUBE-Cesium.1.4.0
2026-07-09 22:27:32,003 [WARN] PackLoader:240 - Cannot read IP mode file for STMicroelectronics.X-CUBE-DISPLAY.3.0.0
2026-07-09 22:27:32,019 [WARN] PackLoader:240 - Cannot read IP mode file for STMicroelectronics.X-CUBE-GNSS1.7.1.1
2026-07-09 22:27:32,028 [WARN] PackLoader:240 - Cannot read IP mode file for STMicroelectronics.FP-SNS-MOTENVWB1.1.5.0
2026-07-09 22:27:32,035 [WARN] PackLoader:240 - Cannot read IP mode file for wolfSSL.I-CUBE-wolfSSL.5.9.1
2026-07-09 22:27:32,045 [WARN] PackLoader:240 - Cannot read IP mode file for STMicroelectronics.X-CUBE-NFC10.1.0.0
2026-07-09 22:27:32,054 [WARN] PackLoader:240 - Cannot read IP mode file for STMicroelectronics.X-CUBE-ST60.1.1.0
2026-07-09 22:27:32,063 [WARN] PackLoader:240 - Cannot read IP mode file for emotas.I-CUBE-CANOPEN.1.3.0
2026-07-09 22:27:32,067 [ERROR] Engine:466 - C:\Users\ASUS\.stm32cubemx\thirdparties\pdsc\STMicroelectronics.X-CUBE-WBA.1.1.0.pdsc: PDSC version is not supported
2026-07-09 22:27:32,077 [WARN] PackLoader:240 - Cannot read IP mode file for STMicroelectronics.FP-SNS-STBOX1.2.1.0
2026-07-09 22:27:32,087 [WARN] PackLoader:240 - Cannot read IP mode file for STMicroelectronics.FP-SNS-SMARTAG2.1.2.0
2026-07-09 22:27:32,093 [WARN] PackLoader:240 - Cannot read IP mode file for STMicroelectronics.FP-SNS-FLIGHT1.5.1.0
2026-07-09 22:27:32,106 [INFO] LogOutputStream:77 - [STDOUT_REDIRECT] 1 : Invalid condition id : UX_CORESTACK_Condition cause : null
2026-07-09 22:27:32,107 [INFO] LogOutputStream:77 - [STDOUT_REDIRECT] 1 : Invalid condition id : UX_CORESTACK_Condition cause : null
2026-07-09 22:27:32,109 [INFO] LogOutputStream:77 - [STDOUT_REDIRECT] 1 : Invalid condition id : UX_CORESTACK_Condition cause : null
2026-07-09 22:27:32,110 [INFO] LogOutputStream:77 - [STDOUT_REDIRECT] 1 : Invalid condition id : UX_CORESTACK_Condition cause : null
2026-07-09 22:27:32,112 [INFO] LogOutputStream:77 - [STDOUT_REDIRECT] 1 : Invalid condition id : UX_CORESTACK_Condition cause : null
2026-07-09 22:27:32,117 [WARN] PackLoader:240 - Cannot read IP mode file for STMicroelectronics.X-CUBE-AZRTOS-WL.2.0.0
2026-07-09 22:27:32,129 [WARN] PackLoader:240 - Cannot read IP mode file for STMicroelectronics.X-CUBE-BLE2.3.3.0
2026-07-09 22:27:32,176 [WARN] PackLoader:240 - Cannot read IP mode file for Infineon.AIROC-Wi-Fi-Bluetooth-STM32.1.8.0
2026-07-09 22:27:32,191 [WARN] PackLoader:240 - Cannot read IP mode file for STMicroelectronics.X-CUBE-NFC9.1.0.0
2026-07-09 22:27:32,201 [WARN] PackLoader:240 - Cannot read IP mode file for STMicroelectronics.X-CUBE-BLE1.7.1.0
2026-07-09 22:27:32,208 [WARN] PackLoader:240 - Cannot read IP mode file for wolfSSL.I-CUBE-wolfMQTT.1.19.2
2026-07-09 22:27:32,219 [WARN] PackLoader:240 - Cannot read IP mode file for STMicroelectronics.X-CUBE-EEPRMA1.5.2.0
2026-07-09 22:27:32,230 [WARN] PackLoader:240 - Cannot read IP mode file for STMicroelectronics.FP-SNS-STAIOTCFT.1.1.0
2026-07-09 22:27:32,250 [WARN] PackLoader:240 - Cannot read IP mode file for STMicroelectronics.X-CUBE-AZRTOS-G0.1.1.0
2026-07-09 22:27:32,261 [WARN] PackLoader:240 - Cannot read IP mode file for STMicroelectronics.X-CUBE-NFC4.3.0.0
2026-07-09 22:27:32,274 [WARN] PackLoader:240 - Cannot read IP mode file for EmbeddedOffice.I-CUBE-FS-RTOS.1.0.1
2026-07-09 22:27:32,286 [WARN] PackLoader:240 - Cannot read IP mode file for wolfSSL.I-CUBE-wolfTPM.3.8.0
2026-07-09 22:27:32,293 [WARN] PackLoader:240 - Cannot read IP mode file for STMicroelectronics.X-CUBE-TCPP.4.2.0
2026-07-09 22:27:32,317 [WARN] PackLoader:240 - Cannot read IP mode file for RealThread.X-CUBE-RT-Thread_Nano.4.1.1
2026-07-09 22:27:32,322 [WARN] PackLoader:240 - Cannot read IP mode file for STMicroelectronics.FP-ATR-SIGFOX1.3.2.0
2026-07-09 22:27:32,340 [WARN] PackLoader:240 - Cannot read IP mode file for ITTIA_DB.I-CUBE-ITTIADB.8.9.0
2026-07-09 22:27:32,347 [WARN] PackLoader:240 - Cannot read IP mode file for Cesanta.I-CUBE-Mongoose.7.21.7
2026-07-09 22:27:32,359 [WARN] PackLoader:240 - Cannot read IP mode file for STMicroelectronics.X-CUBE-NFC6.3.2.0
2026-07-09 22:27:32,370 [WARN] PackLoader:240 - Cannot read IP mode file for STMicroelectronics.X-CUBE-AI.10.2.1
2026-07-09 22:27:32,454 [WARN] PackLoader:240 - Cannot read IP mode file for STMicroelectronics.X-CUBE-MEMS1.12.1.0
2026-07-09 22:27:32,635 [WARN] PackLoader:240 - Cannot read IP mode file for SEGGER.I-CUBE-embOS.1.3.1
2026-07-09 22:27:32,692 [WARN] PackLoader:240 - Cannot read IP mode file for STMicroelectronics.X-CUBE-NFC13.1.0.0
2026-07-09 22:27:32,699 [WARN] PackLoader:240 - Cannot read IP mode file for STMicroelectronics.X-CUBE-PM33A1.1.0.0
2026-07-09 22:27:32,720 [WARN] PackLoader:240 - Cannot read IP mode file for STMicroelectronics.X-CUBE-AZRTOS-F4.1.1.0
2026-07-09 22:27:32,729 [WARN] PackLoader:240 - Cannot read IP mode file for STMicroelectronics.X-CUBE-ISPU.2.1.0
2026-07-09 22:27:32,749 [WARN] PackLoader:240 - Cannot read IP mode file for STMicroelectronics.X-CUBE-IPS.3.2.0
2026-07-09 22:27:32,767 [WARN] PackLoader:240 - Cannot read IP mode file for STMicroelectronics.eDS-WB_DPC_TT-BIDIR.2.1.1
2026-07-09 22:27:32,776 [WARN] PackLoader:240 - Cannot read IP mode file for STMicroelectronics.X-CUBE-NFC12.1.0.0
2026-07-09 22:27:32,803 [WARN] PackLoader:240 - Cannot read IP mode file for STMicroelectronics.X-CUBE-AZRTOS-L5.2.0.0
2026-07-09 22:27:32,816 [WARN] PackLoader:240 - Cannot read IP mode file for STMicroelectronics.X-CUBE-ALGOBUILD.1.5.0
2026-07-09 22:27:32,822 [WARN] PackLoader:240 - Cannot read IP mode file for STMicroelectronics.eDS-WB_DPC_VIENNA.1.2.0
2026-07-09 22:27:32,826 [WARN] PackLoader:240 - Cannot read IP mode file for STMicroelectronics.eDS-WB_DPC_3PH2L-BIDIR.1.1.1
2026-07-09 22:27:32,831 [ERROR] Engine:466 - C:\Users\ASUS\.stm32cubemx\thirdparties\pdsc\STMicroelectronics.X-CUBE-ST67W61.1.3.0.pdsc: PDSC version is not supported
2026-07-09 22:27:32,836 [WARN] PackLoader:240 - Cannot read IP mode file for STMicroelectronics.X-CUBE-TOUCHGFX.4.26.1
2026-07-09 22:27:32,843 [WARN] PackLoader:240 - Cannot read IP mode file for STMicroelectronics.X-CUBE-DPower.1.3.0
2026-07-09 22:27:32,867 [WARN] ConditionMgr:438 - getConditionDescription Invalid condition id : LAN8742 Phy interface Condition cause : null
2026-07-09 22:27:32,868 [WARN] PackLoader:240 - Cannot read IP mode file for STMicroelectronics.X-CUBE-AZRTOS-L4.2.0.0
2026-07-09 22:27:32,870 [WARN] ConditionMgr:1044 - genDependencies : Invalid condition id : LAN8742 Phy interface Condition cause : null
2026-07-09 22:27:32,871 [WARN] ConditionMgr:1044 - genDependencies : Invalid condition id : LAN8742 Phy interface Condition cause : null
2026-07-09 22:27:32,871 [WARN] ConditionMgr:1044 - genDependencies : Invalid condition id : LAN8742 Phy interface Condition cause : null
2026-07-09 22:27:32,884 [WARN] PackLoader:240 - Cannot read IP mode file for STMicroelectronics.X-CUBE-SFXS2LP1.4.0.0
2026-07-09 22:27:32,893 [WARN] PackLoader:240 - Cannot read IP mode file for STMicroelectronics.X-CUBE-WB05N.2.1.0
2026-07-09 22:27:32,909 [WARN] PackLoader:240 - Cannot read IP mode file for STMicroelectronics.X-CUBE-BLEMGR.4.1.0
2026-07-09 22:27:32,936 [WARN] ConditionMgr:438 - getConditionDescription Invalid condition id : UX DEVICE CLASS RTOS Condition cause : null
2026-07-09 22:27:32,938 [WARN] ConditionMgr:438 - getConditionDescription Invalid condition id : UX DEVICE CLASS RTOS Condition cause : null
2026-07-09 22:27:32,941 [WARN] PackLoader:240 - Cannot read IP mode file for STMicroelectronics.X-CUBE-AZRTOS-WB.2.0.0
2026-07-09 22:27:32,941 [WARN] ConditionMgr:1044 - genDependencies : Invalid condition id : UX DEVICE CLASS RTOS Condition cause : null
2026-07-09 22:27:32,942 [WARN] ConditionMgr:1044 - genDependencies : Invalid condition id : UX DEVICE CLASS RTOS Condition cause : null
2026-07-09 22:27:32,943 [WARN] ConditionMgr:1044 - genDependencies : Invalid condition id : UX DEVICE CLASS RTOS Condition cause : null
2026-07-09 22:27:32,943 [WARN] ConditionMgr:1044 - genDependencies : Invalid condition id : UX DEVICE CLASS RTOS Condition cause : null
2026-07-09 22:27:32,943 [WARN] ConditionMgr:1044 - genDependencies : Invalid condition id : UX DEVICE CLASS RTOS Condition cause : null
2026-07-09 22:27:32,950 [WARN] ConditionMgr:438 - getConditionDescription Invalid condition id : Cortex-A Device cause : null
2026-07-09 22:27:32,960 [WARN] ConditionMgr:1044 - genDependencies : Invalid condition id : Cortex-A Device cause : null
2026-07-09 22:27:32,961 [WARN] ConditionMgr:1044 - genDependencies : Invalid condition id : Cortex-A Device cause : null
2026-07-09 22:27:32,961 [WARN] ConditionMgr:1044 - genDependencies : Invalid condition id : Cortex-A Device cause : null
2026-07-09 22:27:32,970 [WARN] PackLoader:240 - Cannot read IP mode file for STMicroelectronics.X-CUBE-STSE01.2.0.0
2026-07-09 22:27:32,986 [WARN] PackLoader:240 - Cannot read IP mode file for STMicroelectronics.X-CUBE-SUBG2.5.0.0
2026-07-09 22:27:33,011 [WARN] PackLoader:240 - Cannot read IP mode file for STMicroelectronics.X-CUBE-AZRTOS-G4.2.0.0
2026-07-09 22:27:33,070 [WARN] PackLoader:240 - Cannot read IP mode file for wolfSSL.I-CUBE-wolfSSH.1.4.20
2026-07-09 22:27:33,108 [WARN] PackLoader:240 - Cannot read IP mode file for STMicroelectronics.X-CUBE-NFC7.2.0.0
2026-07-09 22:27:33,116 [ERROR] Engine:466 - C:\Users\ASUS\.stm32cubemx\thirdparties\pdsc\STMicroelectronics.X-CUBE-BLEMGR.4.2.0.pdsc: PDSC version is not supported
2026-07-09 22:27:33,122 [WARN] PackLoader:240 - Cannot read IP mode file for STMicroelectronics.X-CUBE-ALS.1.0.2
2026-07-09 22:27:33,135 [WARN] PackLoader:240 - Cannot read IP mode file for STMicroelectronics.X-CUBE-TOF1.3.4.3
2026-07-09 22:27:33,149 [INFO] ThirdParty:978 - Integrity check success = true
2026-07-09 22:27:33,149 [INFO] IntegrityCheckThread:100 - exiting critical section [integrity check]
2026-07-09 22:27:33,150 [INFO] IntegrityCheckThread:103 - End integrity checks thread
2026-07-09 22:28:32,347 [INFO] McuFinderGlobals:63 - Set McuFinder mode to 2 (CubeIDE integrated)
2026-07-09 22:28:32,358 [INFO] MainUpdater:2872 - connection check result : 10
2026-07-09 22:28:32,364 [INFO] McuFinderGlobals:76 - Set McuFinderConnectedMode to true
2026-07-09 22:28:36,905 [INFO] ServerAccessManage:452 - Complete download http(s) 200
2026-07-09 22:28:36,907 [INFO] ServerAccessManage:509 - Download File mcusAds.json._tmp_
2026-07-09 22:28:37,039 [INFO] LoadUrlFilesThread:156 - End of LoadUrlFiles Thread
2026-07-09 22:28:37,261 [INFO] ServerAccessManage:452 - Complete download http(s) 200
2026-07-09 22:28:37,262 [INFO] ServerAccessManage:509 - Download File cube-finder-db.zip
2026-07-09 22:28:43,777 [INFO] FileExtend:248 - Unzip File : cube-finder-db.zip
2026-07-09 22:28:43,777 [INFO] FileExtend:263 - Standard Zip Deflate
2026-07-09 22:28:44,737 [INFO] LoadUrlFilesThread:156 - End of LoadUrlFiles Thread
2026-07-09 22:29:05,980 [ERROR] ServerAccessManage:1295 - Problem during Server Connection :  IO error Connection timed out: getsockopt
2026-07-09 22:29:05,980 [ERROR] ServerAccessManage:740 - Problem during Server Connection :  : crdb.zip.
2026-07-09 22:29:08,380 [INFO] LoadUrlFilesThread:156 - End of LoadUrlFiles Thread
2026-07-09 22:29:09,441 [INFO] DbMcusAds:53 - JSON generation date=Thu May 28 21:38:16 IST 2026 (1779984496303)
2026-07-09 22:29:09,466 [ERROR] TargetSelectorAdapter:267 - Unable to refresh data
2026-07-09 22:29:09,739 [INFO] ApiDb:581 - Connected to CubeFinder SQLite database (C:\Users\ASUS\.stmcufinder\plugins\mcufinder\mcu\cube-finder-db.db)
2026-07-09 22:29:09,843 [INFO] ApiDb:668 - CubeFinder database Data Model version=2.1
2026-07-09 22:29:09,843 [INFO] ApiDb:669 - CubeFinder database Configuration version=3.0.42
2026-07-09 22:29:09,844 [INFO] ApiDb:670 - CubeFinder database generation date=2026-06-23 (1782213372)
2026-07-09 22:29:09,844 [INFO] ApiDb:671 - CubeFinder database FW Pack versions=[FP-ATR-ASTRA1_V2.0.0, FP-SNS-FLIGHT1_V5.1.0, FP-SNS-MOTENV1_V5.1.0, FP-SNS-MOTENVWB1_V1.5.0, FP-SNS-SMARTAG2_V1.2.0, FP-SNS-STBOX1_V2.1.0, STM32Cube_FW_C0_V1.4.0, STM32Cube_FW_F4_V1.28.3, STM32Cube_FW_F7_V1.17.4, STM32Cube_FW_G0_V1.6.3, STM32Cube_FW_G4_V1.6.2, STM32Cube_FW_H5_V1.7.0, STM32Cube_FW_H7RS_V1.3.0, STM32Cube_FW_H7_V1.13.0, STM32Cube_FW_L0_V1.12.2, STM32Cube_FW_L4_V1.18.2, STM32Cube_FW_L5_V1.6.0, STM32Cube_FW_N6_V1.4.0, STM32Cube_FW_U0_V1.3.0, STM32Cube_FW_U3_V1.4.0, STM32Cube_FW_U5_V1.9.0, STM32Cube_FW_WB0_V1.5.0, STM32Cube_FW_WBA_V1.10.0, STM32Cube_FW_WB_V1.24.0, STM32Cube_FW_WL3_V1.5.0, STM32Cube_FW_WL_V1.6.0, X-CUBE-ALGOBUILD_V1.5.0, X-CUBE-ALS_V1.0.2, X-CUBE-AZRTOS-F4_V1.1.0, X-CUBE-AZRTOS-F7_V1.1.0, X-CUBE-AZRTOS-G0_V1.1.0, X-CUBE-AZRTOS-G4_V2.0.0, X-CUBE-AZRTOS-H7RS_V1.1.0, X-CUBE-AZRTOS-H7_V3.5.0, X-CUBE-AZRTOS-L4_V2.0.0, X-CUBE-AZRTOS-L5_V2.0.0, X-CUBE-AZRTOS-WB_V2.0.0, X-CUBE-AZRTOS-WL_V2.0.0, X-CUBE-BLE1_V7.1.0, X-CUBE-BLE2_V3.3.0, X-CUBE-BLEMGR_V4.1.0, X-CUBE-EEPRMA1_V5.2.0, X-CUBE-FREERTOS_V1.5.0, X-CUBE-GNSS1_V7.1.1, X-CUBE-MEMS1_V12.1.0, X-CUBE-NFC4_V3.0.0, X-CUBE-NFC7_V2.0.0, X-CUBE-SFXS2LP1_V4.0.0, X-CUBE-ST67W61_V1.3.0, X-CUBE-SUBG2_V5.0.0, X-CUBE-TOF1_V3.4.3]
2026-07-09 22:29:13,175 [INFO] ApiDb:240 - Found 880 in-development CPN: [B-G473E-ZEST1S, B-WB1M-WPAN1, B-WBA5M-WPAN, B-WL5M-SUBG1, NUCLEO-C031C6, NUCLEO-C051C8, NUCLEO-C071RB, NUCLEO-C092RC, NUCLEO-H503RB, NUCLEO-H533RE, NUCLEO-H563ZI, NUCLEO-H7S3L8, NUCLEO-N657X0-Q, NUCLEO-U031R8, NUCLEO-U083RC, NUCLEO-U385RG-Q, NUCLEO-U545RE-Q, NUCLEO-U5A5ZJ-Q, NUCLEO-WB05KZ, NUCLEO-WB07CC, NUCLEO-WB09KE, NUCLEO-WBA52CG, NUCLEO-WBA55CG, NUCLEO-WL33CC1, NUCLEO-WL33CC2, STEVAL-PROTEUS1, STEVAL-SMARTAG2, STEVAL-STWINBX1, STM320518-EVAL, STM32C0116-DK, STM32C011D6Y3TR, STM32C011D6Y6TR, STM32C011F4P3, STM32C011F4P6, STM32C011F4U3, STM32C011F4U6TR, STM32C011F6P3, STM32C011F6P6, STM32C011F6U3, STM32C011F6U6TR, STM32C011J4M3, STM32C011J4M6, STM32C011J6M3, STM32C011J6M6, STM32C0316-DK, STM32C031C4T3, STM32C031C4T6, STM32C031C4U3, STM32C031C4U6, STM32C031C6T3, STM32C031C6T6, STM32C031C6U3, STM32C031C6U6, STM32C031F4P3, STM32C031F4P6, STM32C031F6P3, STM32C031F6P6, STM32C031G4U3, STM32C031G4U6, STM32C031G6U3, STM32C031G6U6, STM32C031K4T3, STM32C031K4T6, STM32C031K4U3, STM32C031K4U6, STM32C031K6T3, STM32C031K6T6, STM32C031K6U3, STM32C031K6U6, STM32C051C6T6, STM32C051C6U6, STM32C051C8T6, STM32C051C8U6, STM32C051D8Y6TR, STM32C051F6P6, STM32C051F8P6, STM32C051G6U6, STM32C051G8U6, STM32C051K6T6, STM32C051K6U6, STM32C051K8T6, STM32C071C8T6, STM32C071C8T6N, STM32C071C8U6, STM32C071C8U6N, STM32C071CBT6, STM32C071CBT6N, STM32C071CBU6, STM32C071CBU6N, STM32C071F8P6, STM32C071F8P6N, STM32C071FBP6, STM32C071FBP6N, STM32C071FBY6TR, STM32C071G8U6, STM32C071G8U6N, STM32C071GBU6, STM32C071GBU6N, STM32C071K8T6, STM32C071K8T6N, STM32C071K8U6, STM32C071K8U6N, STM32C071KBT6, STM32C071KBT6N, STM32C071KBU6, STM32C071KBU6N, STM32C071R8T6, STM32C071R8T6N, STM32C071RBI6N, STM32C071RBT6, STM32C071RBT6N, STM32C091CBT6, STM32C091CBU6, STM32C091CCT6, STM32C091CCU6, STM32C091ECY6TR, STM32C091FBP6, STM32C091FCP6, STM32C091GBU6, STM32C091GCU6, STM32C091KBT6, STM32C091KBU6, STM32C091KCT6, STM32C091KCU6, STM32C091RBT6, STM32C091RCI6, STM32C091RCT6, STM32C092CBT6, STM32C092CBU6, STM32C092CCT6, STM32C092CCU6, STM32C092ECY6TR, STM32C092FBP6, STM32C092FCP6, STM32C092GBU6, STM32C092GCU6, STM32C092KBT6, STM32C092KBU6, STM32C092KCT6, STM32C092KCU6, STM32C092RBT6, STM32C092RCI6, STM32C092RCT6, STM32G071K8TXN, STM32G071K8UXN, STM32G081GBU6N, STM32G081KBT6N, STM32G081KBUXN, STM32G0B1CCT6N, STM32G0B1KCT6, STM32G0B1NEY6TR, STM32G0B1RCT6N, STM32G0C1CCT6, STM32G0C1CCT6N, STM32G0C1CCU6N, STM32G0C1CET6N, STM32G0C1CEU6N, STM32G0C1KCT6, STM32G0C1NEY6TR, STM32G0C1RCI6N, STM32G0C1RCT6N, STM32G0C1REI6N, STM32G0C1RET6N, STM32G0C1VCI6, STM32G0C1VEI6, STM32G411C6T3, STM32G411C6T6, STM32G411C6U3, STM32G411C6U6, STM32G411C8T3, STM32G411C8T6, STM32G411C8U3, STM32G411C8U6, STM32G411CBT3, STM32G411CBT6, STM32G411CBU3, STM32G411CBU6, STM32G411K6T3, STM32G411K6T6, STM32G411K6U3, STM32G411K6U6, STM32G411K8T3, STM32G411K8T6, STM32G411K8U3, STM32G411K8U6, STM32G411KBT3, STM32G411KBT6, STM32G411KBU3, STM32G411KBU6, STM32G411M6T3, STM32G411M6T6, STM32G411M8T3, STM32G411M8T6, STM32G411MBT3, STM32G411MBT6, STM32G411R6T3, STM32G411R6T6, STM32G411R8T3, STM32G411R8T6, STM32G411RBT3, STM32G411RBT6, STM32G414CBT3, STM32G414CBT6, STM32G414CBU3, STM32G414CBU6, STM32G414CCT3, STM32G414CCT6, STM32G414CCU3, STM32G414CCU6, STM32G414MBT3, STM32G414MBT6, STM32G414MCT3, STM32G414MCT6, STM32G414RBT3, STM32G414RBT6, STM32G414RCT3, STM32G414RCT6, STM32G414VBT3, STM32G414VBT6, STM32G414VCT3, STM32G414VCT6, STM32G431CBT3Z, STM32G431RBT3Z, STM32G471CCT6, STM32G471CCU6, STM32G471CET3, STM32G471CET6, STM32G471CEU3, STM32G471CEU6, STM32G471MCT6, STM32G471MET3, STM32G471MET6, STM32G471MEY6TR, STM32G471QCT6, STM32G471QET3, STM32G471RCT6, STM32G471RET3, STM32G471RET6, STM32G471VCH6, STM32G471VCI6, STM32G471VCT6, STM32G471VEH3, STM32G471VEH6, STM32G471VEI3, STM32G471VEI6, STM32G471VET3, STM32G471VET6, STM32G473QET3Z, STM32G473RET3Z, STM32G474CCT6, STM32G491RET3Z, STM32H503CBT6, STM32H503CBU6, STM32H503EBY6TR, STM32H503KBU6, STM32H503RBT6, STM32H523CCT6, STM32H523CCU6, STM32H523CET6, STM32H523CEU6, STM32H523HEY6TR, STM32H523RCT6, STM32H523RET6, STM32H523VCI6, STM32H523VCT6, STM32H523VEI6, STM32H523VET6, STM32H523ZCJ6, STM32H523ZCT6, STM32H523ZEJ6, STM32H523ZET6, STM32H533CET6, STM32H533CEU6, STM32H533HEY6TR, STM32H533RET6, STM32H533VEI6, STM32H533VET6, STM32H533ZEJ6, STM32H533ZET6, STM32H562AGI6, STM32H562AII6, STM32H562IGK6, STM32H562IGT6, STM32H562IIK6, STM32H562IIT6, STM32H562RGT6, STM32H562RGV6, STM32H562RIT6, STM32H562RIV6, STM32H562VGT6, STM32H562VIT6, STM32H562ZGT6, STM32H562ZIT6, STM32H563AGI6, STM32H563AII3Q, STM32H563AII6, STM32H563IGK6, STM32H563IGT6, STM32H563IIK3Q, STM32H563IIK6, STM32H563IIT3Q, STM32H563IIT6, STM32H563MIY3QTR, STM32H563RGT6, STM32H563RGV6, STM32H563RIT6, STM32H563RIV6, STM32H563VGT6, STM32H563VIT3Q, STM32H563VIT6, STM32H563ZGT6, STM32H563ZIT3Q, STM32H563ZIT6, STM32H573AII3Q, STM32H573AII6, STM32H573I-DK, STM32H573IIK3Q, STM32H573IIK6, STM32H573IIT3Q, STM32H573IIT6, STM32H573MIY3QTR, STM32H573RIT6, STM32H573RIV6, STM32H573VIT3Q, STM32H573VIT6, STM32H573ZIT3Q, STM32H573ZIT6, STM32H7R3A8I6, STM32H7R3I8K6, STM32H7R3I8T6, STM32H7R3L8H6, STM32H7R3L8H6H, STM32H7R3R8V6, STM32H7R3V8H6, STM32H7R3V8T6, STM32H7R3V8Y6TR, STM32H7R3Z8J6, STM32H7R3Z8T6, STM32H7R7A8I6, STM32H7R7I8K6, STM32H7R7I8T6, STM32H7R7L8H6, STM32H7R7L8H6H, STM32H7R7Z8J6, STM32H7S3A8I6, STM32H7S3I8K6, STM32H7S3I8T6, STM32H7S3L8H6, STM32H7S3L8H6H, STM32H7S3R8V6, STM32H7S3V8H6, STM32H7S3V8T6, STM32H7S3V8Y6TR, STM32H7S3Z8J6, STM32H7S3Z8T6, STM32H7S78-DK, STM32H7S7A8I6, STM32H7S7I8K6, STM32H7S7I8T6, STM32H7S7L8H6, STM32H7S7L8H6H, STM32H7S7Z8J6, STM32L4R5QGI6STR, STM32MP131AAE3, STM32MP131AAF3, STM32MP131AAG3, STM32MP131CAE3, STM32MP131CAF3, STM32MP131CAG3, STM32MP131DAE7, STM32MP131DAF7, STM32MP131DAG7, STM32MP131FAE7, STM32MP131FAF7, STM32MP131FAG7, STM32MP133AAE3, STM32MP133AAF3, STM32MP133AAG3, STM32MP133CAE3, STM32MP133CAF3, STM32MP133CAG3, STM32MP133DAE7, STM32MP133DAF7, STM32MP133DAG7, STM32MP133FAE7, STM32MP133FAF7, STM32MP133FAG7, STM32MP135AAE3, STM32MP135AAF3, STM32MP135AAG3, STM32MP135CAE3, STM32MP135CAF3, STM32MP135CAG3, STM32MP135DAE7, STM32MP135DAF7, STM32MP135DAG7, STM32MP135F-DK, STM32MP135FAE7, STM32MP135FAF7, STM32MP135FAF7T, STM32MP135FAF7U, STM32MP135FAG7, STM32MP211AAL3, STM32MP211AAM3, STM32MP211AAN3, STM32MP211AAO3, STM32MP211CAL3, STM32MP211CAM3, STM32MP211CAN3, STM32MP211CAO3, STM32MP211DAL3, STM32MP211DAM3, STM32MP211DAN3, STM32MP211DAO3, STM32MP211FAL3, STM32MP211FAM3, STM32MP211FAN3, STM32MP211FAO3, STM32MP213AAL3, STM32MP213AAM3, STM32MP213AAN3, STM32MP213AAO3, STM32MP213CAL3, STM32MP213CAM3, STM32MP213CAN3, STM32MP213CAO3, STM32MP213DAL3, STM32MP213DAM3, STM32MP213DAN3, STM32MP213DAO3, STM32MP213FAL3, STM32MP213FAM3, STM32MP213FAN3, STM32MP213FAO3, STM32MP215AAL3, STM32MP215AAM3, STM32MP215AAN3, STM32MP215AAO3, STM32MP215CAL3, STM32MP215CAM3, STM32MP215CAN3, STM32MP215CAO3, STM32MP215DAL3, STM32MP215DAM3, STM32MP215DAN3, STM32MP215DAO3, STM32MP215F-DK, STM32MP215FAL3, STM32MP215FAM3, STM32MP215FAN3, STM32MP215FAO3, STM32MP231AAJ3, STM32MP231AAK3, STM32MP231AAL3, STM32MP231CAJ3, STM32MP231CAK3, STM32MP231CAL3, STM32MP231DAJ3, STM32MP231DAK3, STM32MP231DAL3, STM32MP231FAJ3, STM32MP231FAK3, STM32MP231FAL3, STM32MP233AAJ3, STM32MP233AAK3, STM32MP233AAL3, STM32MP233CAJ3, STM32MP233CAK3, STM32MP233CAL3, STM32MP233DAJ3, STM32MP233DAK3, STM32MP233DAL3, STM32MP233FAJ3, STM32MP233FAK3, STM32MP233FAL3, STM32MP235AAJ3, STM32MP235AAK3, STM32MP235AAL3, STM32MP235CAJ3, STM32MP235CAK3, STM32MP235CAL3, STM32MP235DAJ3, STM32MP235DAK3, STM32MP235DAL3, STM32MP235FAJ3, STM32MP235FAK3, STM32MP235FAL3, STM32MP251AAI3, STM32MP251AAK3, STM32MP251AAL3, STM32MP251CAI3, STM32MP251CAK3, STM32MP251CAL3, STM32MP251DAI3, STM32MP251DAK3, STM32MP251DAL3, STM32MP251FAI3, STM32MP251FAK3, STM32MP251FAL3, STM32MP253AAI3, STM32MP253AAK3, STM32MP253AAL3, STM32MP253CAI3, STM32MP253CAK3, STM32MP253CAL3, STM32MP253DAI3, STM32MP253DAK3, STM32MP253DAL3, STM32MP253FAI3, STM32MP253FAK3, STM32MP253FAL3, STM32MP255AAI3, STM32MP255AAK3, STM32MP255AAL3, STM32MP255CAI3, STM32MP255CAK3, STM32MP255CAL3, STM32MP255DAI3, STM32MP255DAK3, STM32MP255DAL3, STM32MP255FAI3, STM32MP255FAK3, STM32MP255FAL3, STM32MP257AAI3, STM32MP257AAK3, STM32MP257AAL3, STM32MP257CAI3, STM32MP257CAK3, STM32MP257CAL3, STM32MP257DAI3, STM32MP257DAK3, STM32MP257DAL3, STM32MP257F-DK, STM32MP257F-EV1, STM32MP257FAI3, STM32MP257FAK3, STM32MP257FAL3, STM32N645A0H3Q, STM32N645B0H3Q, STM32N645I0H3Q, STM32N645L0H3Q, STM32N645X0H3Q, STM32N645Z0H3Q, STM32N647A0H3Q, STM32N647B0H3Q, STM32N647I0H3Q, STM32N647L0H3Q, STM32N647X0H3Q, STM32N647Z0H3Q, STM32N655A0H3Q, STM32N655B0H3Q, STM32N655I0H3Q, STM32N655L0H3Q, STM32N655X0H3Q, STM32N655Z0H3Q, STM32N6570-DK, STM32N657A0H3Q, STM32N657B0H3Q, STM32N657I0H3Q, STM32N657L0H3Q, STM32N657X0H3Q, STM32N657Z0H3Q, STM32U031C6T6, STM32U031C6U6, STM32U031C8T6, STM32U031C8U6, STM32U031F4P6, STM32U031F6P6, STM32U031F8P6, STM32U031G6Y6TR, STM32U031G8Y6TR, STM32U031K4U6, STM32U031K6U6, STM32U031K8U6, STM32U031R6I6, STM32U031R6T6, STM32U031R8I6, STM32U031R8T6, STM32U073C8T6, STM32U073C8U6, STM32U073CBT6, STM32U073CBU6, STM32U073CCT6, STM32U073CCU6, STM32U073H8Y6TR, STM32U073HBY6TR, STM32U073HCY6TR, STM32U073K8U6, STM32U073KBU6, STM32U073KCU6, STM32U073M8I6, STM32U073M8T6, STM32U073MBI6, STM32U073MBT6, STM32U073MCI6, STM32U073MCT6, STM32U073R8I6, STM32U073R8T6, STM32U073RBI6, STM32U073RBT6, STM32U073RCI6, STM32U073RCT6, STM32U083C-DK, STM32U083CCT6, STM32U083CCU6, STM32U083HCY6TR, STM32U083KCU6, STM32U083MCI6, STM32U083MCT6, STM32U083RCI6, STM32U083RCT6, STM32U375CET6, STM32U375CET6Q, STM32U375CEU6, STM32U375CEU6Q, STM32U375CEY6QTR, STM32U375CGT6, STM32U375CGT6Q, STM32U375CGU6, STM32U375CGU6Q, STM32U375CGY6QTR, STM32U375KEU6, STM32U375KGU6, STM32U375REI6, STM32U375REI6Q, STM32U375RET6, STM32U375RET6Q, STM32U375REY6GTR, STM32U375REY6QTR, STM32U375RGI6, STM32U375RGI6Q, STM32U375RGT6, STM32U375RGT6Q, STM32U375RGY6GTR, STM32U375RGY6QTR, STM32U375VEI6, STM32U375VEI6Q, STM32U375VET6, STM32U375VET6Q, STM32U375VGI6, STM32U375VGI6Q, STM32U375VGT6, STM32U375VGT6Q, STM32U385CGT6, STM32U385CGT6Q, STM32U385CGU6, STM32U385CGU6Q, STM32U385CGY6QTR, STM32U385KGU6, STM32U385RGI6, STM32U385RGI6Q, STM32U385RGT6, STM32U385RGT6Q, STM32U385RGY6GTR, STM32U385RGY6QTR, STM32U385VGI6, STM32U385VGI6Q, STM32U385VGT6, STM32U385VGT6Q, STM32U535CBT6, STM32U535CBT6Q, STM32U535CBU6, STM32U535CBU6Q, STM32U535CCT6, STM32U535CCT6Q, STM32U535CCU6, STM32U535CCU6Q, STM32U535CET6, STM32U535CET6Q, STM32U535CEU6, STM32U535CEU6Q, STM32U535JEY6QTR, STM32U535NCY6QTR, STM32U535NEY6QTR, STM32U535RBI6, STM32U535RBI6Q, STM32U535RBT6, STM32U535RBT6Q, STM32U535RCI6, STM32U535RCI6Q, STM32U535RCT6, STM32U535RCT6Q, STM32U535REI6, STM32U535REI6Q, STM32U535RET6, STM32U535RET6Q, STM32U535VCI6, STM32U535VCI6Q, STM32U535VCT6, STM32U535VCT6Q, STM32U535VEI6, STM32U535VEI6Q, STM32U535VET6, STM32U535VET6Q, STM32U545CET6, STM32U545CET6Q, STM32U545CEU6, STM32U545CEU6Q, STM32U545JEY6QTR, STM32U545NEY6QTR, STM32U545REI6, STM32U545REI6Q, STM32U545RET6, STM32U545RET6Q, STM32U545VEI6, STM32U545VEI6Q, STM32U545VET6, STM32U545VET6Q, STM32U595AIH6, STM32U595AIH6Q, STM32U595AJH6, STM32U595AJH6Q, STM32U595QII6, STM32U595QII6Q, STM32U595QJI6, STM32U595QJI6Q, STM32U595RIT6, STM32U595RIT6Q, STM32U595RJT6, STM32U595RJT6Q, STM32U595VIT6, STM32U595VIT6Q, STM32U595VJT6, STM32U595VJT6Q, STM32U595ZIT6, STM32U595ZIT6Q, STM32U595ZIY6QTR, STM32U595ZJT6, STM32U595ZJT6Q, STM32U595ZJY6QTR, STM32U599BJY6QTR, STM32U599NIH6Q, STM32U599NJH6Q, STM32U599VIT6Q, STM32U599VJT6, STM32U599VJT6Q, STM32U599ZIT6Q, STM32U599ZIY6QTR, STM32U599ZJT6Q, STM32U599ZJY6QTR, STM32U5A5AJH6, STM32U5A5AJH6Q, STM32U5A5QII3Q , STM32U5A5QJI6, STM32U5A5QJI6Q, STM32U5A5RJT6, STM32U5A5RJT6Q, STM32U5A5VJT6, STM32U5A5VJT6Q, STM32U5A5ZJT6, STM32U5A5ZJT6Q, STM32U5A5ZJY6QTR, STM32U5A9BJY6QTR, STM32U5A9J-DK, STM32U5A9NJH6Q, STM32U5A9VJT6Q, STM32U5A9ZJT6Q, STM32U5A9ZJY6QTR, STM32U5F7VIT6, STM32U5F7VIT6Q, STM32U5F7VJT6, STM32U5F7VJT6Q, STM32U5F9BJY6QTR, STM32U5F9NJH6Q, STM32U5F9VIT6Q, STM32U5F9VJT6Q, STM32U5F9ZIJ6QTR, STM32U5F9ZIT6Q, STM32U5F9ZJJ6QTR, STM32U5F9ZJT6Q, STM32U5G7VJT6, STM32U5G7VJT6Q, STM32U5G9BJY6QTR, STM32U5G9J-DK1, STM32U5G9J-DK2, STM32U5G9NJH6Q, STM32U5G9VJT6Q, STM32U5G9ZJJ6QTR, STM32U5G9ZJT6Q, STM32WB05KZV6TR, STM32WB05KZV7TR, STM32WB05TZF6TR, STM32WB05TZF7TR, STM32WB06CCF6TR, STM32WB06CCF7TR, STM32WB06CCV6TR, STM32WB06CCV7TR, STM32WB06KCV6TR, STM32WB06KCV7TR, STM32WB07CCF6TR, STM32WB07CCF7TR, STM32WB07CCV6TR, STM32WB07CCV7TR, STM32WB07KCV6TR, STM32WB07KCV7TR, STM32WB09KEV6TR, STM32WB09KEV7TR, STM32WB09TEF6TR, STM32WB09TEF7TR, STM32WB1MMCH6, STM32WBA50KGU6, STM32WBA50KGU6TR, STM32WBA52CEU6, STM32WBA52CEU6TR, STM32WBA52CEU7, STM32WBA52CEU7TR, STM32WBA52CGU6, STM32WBA52CGU6TR, STM32WBA52CGU6U, STM32WBA52CGU7, STM32WBA52CGU7TR, STM32WBA52KEU6, STM32WBA52KEU6TR, STM32WBA52KGU6, STM32WBA52KGU6TR, STM32WBA54CEU6, STM32WBA54CEU6TR, STM32WBA54CEU7, STM32WBA54CEU7TR, STM32WBA54CGU6, STM32WBA54CGU6TR, STM32WBA54CGU7, STM32WBA54CGU7TR, STM32WBA54KEU6, STM32WBA54KEU6TR, STM32WBA54KEU7, STM32WBA54KEU7TR, STM32WBA54KGU6, STM32WBA54KGU6TR, STM32WBA54KGU7, STM32WBA54KGU7TR, STM32WBA55CEU6, STM32WBA55CEU6TR, STM32WBA55CEU7, STM32WBA55CEU7TR, STM32WBA55CGU6, STM32WBA55CGU6TR, STM32WBA55CGU6U, STM32WBA55CGU7, STM32WBA55CGU7TR, STM32WBA55G-DK1, STM32WBA55HEF6, STM32WBA55HEF7, STM32WBA55HGF6, STM32WBA55HGF7, STM32WBA55UEI6, STM32WBA55UEI6TR, STM32WBA55UEI7, STM32WBA55UEI7TR, STM32WBA55UGI6, STM32WBA55UGI6TR, STM32WBA55UGI7, STM32WBA55UGI7TR, STM32WBA5MMGH6TR, STM32WBA62MGF6, STM32WBA62MIF6, STM32WBA65MGF7, STM32WBA65MIF6, STM32WBA65MIF7, STM32WL30K8V6, STM32WL30KBV6, STM32WL31C8V6, STM32WL31CBV6, STM32WL31K8V6, STM32WL31KBV6, STM32WL33C8V6, STM32WL33C8V6X, STM32WL33CBV6, STM32WL33CBV6X, STM32WL33CCV6, STM32WL33CCV6A, STM32WL33CCV6X, STM32WL33K8V7, STM32WL33K8V7X, STM32WL33KBV7 , STM32WL33KBV7X, STM32WL33KCV7, STM32WL33KCV7X, STM32WL5MOCH6, STM32WL5MOCH6TR]
2026-07-09 22:29:13,185 [INFO] DbMcus:218 - Found 5250 MCUs, 5097 are supported
2026-07-09 22:29:13,186 [INFO] ApiDb:423 - Load user favorites file C:\Users\ASUS/.stm32cubeide/favorites.mcus.txt: 0 item(s)
2026-07-09 22:29:13,186 [INFO] ApiDb:427 - User favorites MCUs=[]
2026-07-09 22:29:13,186 [INFO] DbMcus:224 - Set 0 / 0 favorites MCUs
2026-07-09 22:29:14,058 [INFO] ApiDb:668 - CubeFinder database Data Model version=2.1
2026-07-09 22:29:14,058 [INFO] ApiDb:669 - CubeFinder database Configuration version=3.0.42
2026-07-09 22:29:14,058 [INFO] ApiDb:670 - CubeFinder database generation date=2026-06-23 (1782213372)
2026-07-09 22:29:14,059 [INFO] ApiDb:671 - CubeFinder database FW Pack versions=[FP-ATR-ASTRA1_V2.0.0, FP-SNS-FLIGHT1_V5.1.0, FP-SNS-MOTENV1_V5.1.0, FP-SNS-MOTENVWB1_V1.5.0, FP-SNS-SMARTAG2_V1.2.0, FP-SNS-STBOX1_V2.1.0, STM32Cube_FW_C0_V1.4.0, STM32Cube_FW_F4_V1.28.3, STM32Cube_FW_F7_V1.17.4, STM32Cube_FW_G0_V1.6.3, STM32Cube_FW_G4_V1.6.2, STM32Cube_FW_H5_V1.7.0, STM32Cube_FW_H7RS_V1.3.0, STM32Cube_FW_H7_V1.13.0, STM32Cube_FW_L0_V1.12.2, STM32Cube_FW_L4_V1.18.2, STM32Cube_FW_L5_V1.6.0, STM32Cube_FW_N6_V1.4.0, STM32Cube_FW_U0_V1.3.0, STM32Cube_FW_U3_V1.4.0, STM32Cube_FW_U5_V1.9.0, STM32Cube_FW_WB0_V1.5.0, STM32Cube_FW_WBA_V1.10.0, STM32Cube_FW_WB_V1.24.0, STM32Cube_FW_WL3_V1.5.0, STM32Cube_FW_WL_V1.6.0, X-CUBE-ALGOBUILD_V1.5.0, X-CUBE-ALS_V1.0.2, X-CUBE-AZRTOS-F4_V1.1.0, X-CUBE-AZRTOS-F7_V1.1.0, X-CUBE-AZRTOS-G0_V1.1.0, X-CUBE-AZRTOS-G4_V2.0.0, X-CUBE-AZRTOS-H7RS_V1.1.0, X-CUBE-AZRTOS-H7_V3.5.0, X-CUBE-AZRTOS-L4_V2.0.0, X-CUBE-AZRTOS-L5_V2.0.0, X-CUBE-AZRTOS-WB_V2.0.0, X-CUBE-AZRTOS-WL_V2.0.0, X-CUBE-BLE1_V7.1.0, X-CUBE-BLE2_V3.3.0, X-CUBE-BLEMGR_V4.1.0, X-CUBE-EEPRMA1_V5.2.0, X-CUBE-FREERTOS_V1.5.0, X-CUBE-GNSS1_V7.1.1, X-CUBE-MEMS1_V12.1.0, X-CUBE-NFC4_V3.0.0, X-CUBE-NFC7_V2.0.0, X-CUBE-SFXS2LP1_V4.0.0, X-CUBE-ST67W61_V1.3.0, X-CUBE-SUBG2_V5.0.0, X-CUBE-TOF1_V3.4.3]
2026-07-09 22:29:14,163 [INFO] DbBoardsSqlite:226 - include board P-NUCLEO-WB55-NUCLEO as a kit item of type 'Nucleo-64'
2026-07-09 22:29:14,164 [INFO] DbBoardsSqlite:226 - include board P-NUCLEO-WB55-USBDONGLE as a kit item of type 'Nucleo USB Dongle'
2026-07-09 22:29:14,164 [INFO] DbBoardsSqlite:226 - include board STEVAL-IDP005V1 as a kit item of type 'Evaluation Board'
2026-07-09 22:29:14,164 [INFO] DbBoardsSqlite:226 - include board STEVAL-IDP005V2 as a kit item of type 'Evaluation Board'
2026-07-09 22:29:14,248 [INFO] ApiDb:240 - Found 880 in-development CPN: [B-G473E-ZEST1S, B-WB1M-WPAN1, B-WBA5M-WPAN, B-WL5M-SUBG1, NUCLEO-C031C6, NUCLEO-C051C8, NUCLEO-C071RB, NUCLEO-C092RC, NUCLEO-H503RB, NUCLEO-H533RE, NUCLEO-H563ZI, NUCLEO-H7S3L8, NUCLEO-N657X0-Q, NUCLEO-U031R8, NUCLEO-U083RC, NUCLEO-U385RG-Q, NUCLEO-U545RE-Q, NUCLEO-U5A5ZJ-Q, NUCLEO-WB05KZ, NUCLEO-WB07CC, NUCLEO-WB09KE, NUCLEO-WBA52CG, NUCLEO-WBA55CG, NUCLEO-WL33CC1, NUCLEO-WL33CC2, STEVAL-PROTEUS1, STEVAL-SMARTAG2, STEVAL-STWINBX1, STM320518-EVAL, STM32C0116-DK, STM32C011D6Y3TR, STM32C011D6Y6TR, STM32C011F4P3, STM32C011F4P6, STM32C011F4U3, STM32C011F4U6TR, STM32C011F6P3, STM32C011F6P6, STM32C011F6U3, STM32C011F6U6TR, STM32C011J4M3, STM32C011J4M6, STM32C011J6M3, STM32C011J6M6, STM32C0316-DK, STM32C031C4T3, STM32C031C4T6, STM32C031C4U3, STM32C031C4U6, STM32C031C6T3, STM32C031C6T6, STM32C031C6U3, STM32C031C6U6, STM32C031F4P3, STM32C031F4P6, STM32C031F6P3, STM32C031F6P6, STM32C031G4U3, STM32C031G4U6, STM32C031G6U3, STM32C031G6U6, STM32C031K4T3, STM32C031K4T6, STM32C031K4U3, STM32C031K4U6, STM32C031K6T3, STM32C031K6T6, STM32C031K6U3, STM32C031K6U6, STM32C051C6T6, STM32C051C6U6, STM32C051C8T6, STM32C051C8U6, STM32C051D8Y6TR, STM32C051F6P6, STM32C051F8P6, STM32C051G6U6, STM32C051G8U6, STM32C051K6T6, STM32C051K6U6, STM32C051K8T6, STM32C071C8T6, STM32C071C8T6N, STM32C071C8U6, STM32C071C8U6N, STM32C071CBT6, STM32C071CBT6N, STM32C071CBU6, STM32C071CBU6N, STM32C071F8P6, STM32C071F8P6N, STM32C071FBP6, STM32C071FBP6N, STM32C071FBY6TR, STM32C071G8U6, STM32C071G8U6N, STM32C071GBU6, STM32C071GBU6N, STM32C071K8T6, STM32C071K8T6N, STM32C071K8U6, STM32C071K8U6N, STM32C071KBT6, STM32C071KBT6N, STM32C071KBU6, STM32C071KBU6N, STM32C071R8T6, STM32C071R8T6N, STM32C071RBI6N, STM32C071RBT6, STM32C071RBT6N, STM32C091CBT6, STM32C091CBU6, STM32C091CCT6, STM32C091CCU6, STM32C091ECY6TR, STM32C091FBP6, STM32C091FCP6, STM32C091GBU6, STM32C091GCU6, STM32C091KBT6, STM32C091KBU6, STM32C091KCT6, STM32C091KCU6, STM32C091RBT6, STM32C091RCI6, STM32C091RCT6, STM32C092CBT6, STM32C092CBU6, STM32C092CCT6, STM32C092CCU6, STM32C092ECY6TR, STM32C092FBP6, STM32C092FCP6, STM32C092GBU6, STM32C092GCU6, STM32C092KBT6, STM32C092KBU6, STM32C092KCT6, STM32C092KCU6, STM32C092RBT6, STM32C092RCI6, STM32C092RCT6, STM32G071K8TXN, STM32G071K8UXN, STM32G081GBU6N, STM32G081KBT6N, STM32G081KBUXN, STM32G0B1CCT6N, STM32G0B1KCT6, STM32G0B1NEY6TR, STM32G0B1RCT6N, STM32G0C1CCT6, STM32G0C1CCT6N, STM32G0C1CCU6N, STM32G0C1CET6N, STM32G0C1CEU6N, STM32G0C1KCT6, STM32G0C1NEY6TR, STM32G0C1RCI6N, STM32G0C1RCT6N, STM32G0C1REI6N, STM32G0C1RET6N, STM32G0C1VCI6, STM32G0C1VEI6, STM32G411C6T3, STM32G411C6T6, STM32G411C6U3, STM32G411C6U6, STM32G411C8T3, STM32G411C8T6, STM32G411C8U3, STM32G411C8U6, STM32G411CBT3, STM32G411CBT6, STM32G411CBU3, STM32G411CBU6, STM32G411K6T3, STM32G411K6T6, STM32G411K6U3, STM32G411K6U6, STM32G411K8T3, STM32G411K8T6, STM32G411K8U3, STM32G411K8U6, STM32G411KBT3, STM32G411KBT6, STM32G411KBU3, STM32G411KBU6, STM32G411M6T3, STM32G411M6T6, STM32G411M8T3, STM32G411M8T6, STM32G411MBT3, STM32G411MBT6, STM32G411R6T3, STM32G411R6T6, STM32G411R8T3, STM32G411R8T6, STM32G411RBT3, STM32G411RBT6, STM32G414CBT3, STM32G414CBT6, STM32G414CBU3, STM32G414CBU6, STM32G414CCT3, STM32G414CCT6, STM32G414CCU3, STM32G414CCU6, STM32G414MBT3, STM32G414MBT6, STM32G414MCT3, STM32G414MCT6, STM32G414RBT3, STM32G414RBT6, STM32G414RCT3, STM32G414RCT6, STM32G414VBT3, STM32G414VBT6, STM32G414VCT3, STM32G414VCT6, STM32G431CBT3Z, STM32G431RBT3Z, STM32G471CCT6, STM32G471CCU6, STM32G471CET3, STM32G471CET6, STM32G471CEU3, STM32G471CEU6, STM32G471MCT6, STM32G471MET3, STM32G471MET6, STM32G471MEY6TR, STM32G471QCT6, STM32G471QET3, STM32G471RCT6, STM32G471RET3, STM32G471RET6, STM32G471VCH6, STM32G471VCI6, STM32G471VCT6, STM32G471VEH3, STM32G471VEH6, STM32G471VEI3, STM32G471VEI6, STM32G471VET3, STM32G471VET6, STM32G473QET3Z, STM32G473RET3Z, STM32G474CCT6, STM32G491RET3Z, STM32H503CBT6, STM32H503CBU6, STM32H503EBY6TR, STM32H503KBU6, STM32H503RBT6, STM32H523CCT6, STM32H523CCU6, STM32H523CET6, STM32H523CEU6, STM32H523HEY6TR, STM32H523RCT6, STM32H523RET6, STM32H523VCI6, STM32H523VCT6, STM32H523VEI6, STM32H523VET6, STM32H523ZCJ6, STM32H523ZCT6, STM32H523ZEJ6, STM32H523ZET6, STM32H533CET6, STM32H533CEU6, STM32H533HEY6TR, STM32H533RET6, STM32H533VEI6, STM32H533VET6, STM32H533ZEJ6, STM32H533ZET6, STM32H562AGI6, STM32H562AII6, STM32H562IGK6, STM32H562IGT6, STM32H562IIK6, STM32H562IIT6, STM32H562RGT6, STM32H562RGV6, STM32H562RIT6, STM32H562RIV6, STM32H562VGT6, STM32H562VIT6, STM32H562ZGT6, STM32H562ZIT6, STM32H563AGI6, STM32H563AII3Q, STM32H563AII6, STM32H563IGK6, STM32H563IGT6, STM32H563IIK3Q, STM32H563IIK6, STM32H563IIT3Q, STM32H563IIT6, STM32H563MIY3QTR, STM32H563RGT6, STM32H563RGV6, STM32H563RIT6, STM32H563RIV6, STM32H563VGT6, STM32H563VIT3Q, STM32H563VIT6, STM32H563ZGT6, STM32H563ZIT3Q, STM32H563ZIT6, STM32H573AII3Q, STM32H573AII6, STM32H573I-DK, STM32H573IIK3Q, STM32H573IIK6, STM32H573IIT3Q, STM32H573IIT6, STM32H573MIY3QTR, STM32H573RIT6, STM32H573RIV6, STM32H573VIT3Q, STM32H573VIT6, STM32H573ZIT3Q, STM32H573ZIT6, STM32H7R3A8I6, STM32H7R3I8K6, STM32H7R3I8T6, STM32H7R3L8H6, STM32H7R3L8H6H, STM32H7R3R8V6, STM32H7R3V8H6, STM32H7R3V8T6, STM32H7R3V8Y6TR, STM32H7R3Z8J6, STM32H7R3Z8T6, STM32H7R7A8I6, STM32H7R7I8K6, STM32H7R7I8T6, STM32H7R7L8H6, STM32H7R7L8H6H, STM32H7R7Z8J6, STM32H7S3A8I6, STM32H7S3I8K6, STM32H7S3I8T6, STM32H7S3L8H6, STM32H7S3L8H6H, STM32H7S3R8V6, STM32H7S3V8H6, STM32H7S3V8T6, STM32H7S3V8Y6TR, STM32H7S3Z8J6, STM32H7S3Z8T6, STM32H7S78-DK, STM32H7S7A8I6, STM32H7S7I8K6, STM32H7S7I8T6, STM32H7S7L8H6, STM32H7S7L8H6H, STM32H7S7Z8J6, STM32L4R5QGI6STR, STM32MP131AAE3, STM32MP131AAF3, STM32MP131AAG3, STM32MP131CAE3, STM32MP131CAF3, STM32MP131CAG3, STM32MP131DAE7, STM32MP131DAF7, STM32MP131DAG7, STM32MP131FAE7, STM32MP131FAF7, STM32MP131FAG7, STM32MP133AAE3, STM32MP133AAF3, STM32MP133AAG3, STM32MP133CAE3, STM32MP133CAF3, STM32MP133CAG3, STM32MP133DAE7, STM32MP133DAF7, STM32MP133DAG7, STM32MP133FAE7, STM32MP133FAF7, STM32MP133FAG7, STM32MP135AAE3, STM32MP135AAF3, STM32MP135AAG3, STM32MP135CAE3, STM32MP135CAF3, STM32MP135CAG3, STM32MP135DAE7, STM32MP135DAF7, STM32MP135DAG7, STM32MP135F-DK, STM32MP135FAE7, STM32MP135FAF7, STM32MP135FAF7T, STM32MP135FAF7U, STM32MP135FAG7, STM32MP211AAL3, STM32MP211AAM3, STM32MP211AAN3, STM32MP211AAO3, STM32MP211CAL3, STM32MP211CAM3, STM32MP211CAN3, STM32MP211CAO3, STM32MP211DAL3, STM32MP211DAM3, STM32MP211DAN3, STM32MP211DAO3, STM32MP211FAL3, STM32MP211FAM3, STM32MP211FAN3, STM32MP211FAO3, STM32MP213AAL3, STM32MP213AAM3, STM32MP213AAN3, STM32MP213AAO3, STM32MP213CAL3, STM32MP213CAM3, STM32MP213CAN3, STM32MP213CAO3, STM32MP213DAL3, STM32MP213DAM3, STM32MP213DAN3, STM32MP213DAO3, STM32MP213FAL3, STM32MP213FAM3, STM32MP213FAN3, STM32MP213FAO3, STM32MP215AAL3, STM32MP215AAM3, STM32MP215AAN3, STM32MP215AAO3, STM32MP215CAL3, STM32MP215CAM3, STM32MP215CAN3, STM32MP215CAO3, STM32MP215DAL3, STM32MP215DAM3, STM32MP215DAN3, STM32MP215DAO3, STM32MP215F-DK, STM32MP215FAL3, STM32MP215FAM3, STM32MP215FAN3, STM32MP215FAO3, STM32MP231AAJ3, STM32MP231AAK3, STM32MP231AAL3, STM32MP231CAJ3, STM32MP231CAK3, STM32MP231CAL3, STM32MP231DAJ3, STM32MP231DAK3, STM32MP231DAL3, STM32MP231FAJ3, STM32MP231FAK3, STM32MP231FAL3, STM32MP233AAJ3, STM32MP233AAK3, STM32MP233AAL3, STM32MP233CAJ3, STM32MP233CAK3, STM32MP233CAL3, STM32MP233DAJ3, STM32MP233DAK3, STM32MP233DAL3, STM32MP233FAJ3, STM32MP233FAK3, STM32MP233FAL3, STM32MP235AAJ3, STM32MP235AAK3, STM32MP235AAL3, STM32MP235CAJ3, STM32MP235CAK3, STM32MP235CAL3, STM32MP235DAJ3, STM32MP235DAK3, STM32MP235DAL3, STM32MP235FAJ3, STM32MP235FAK3, STM32MP235FAL3, STM32MP251AAI3, STM32MP251AAK3, STM32MP251AAL3, STM32MP251CAI3, STM32MP251CAK3, STM32MP251CAL3, STM32MP251DAI3, STM32MP251DAK3, STM32MP251DAL3, STM32MP251FAI3, STM32MP251FAK3, STM32MP251FAL3, STM32MP253AAI3, STM32MP253AAK3, STM32MP253AAL3, STM32MP253CAI3, STM32MP253CAK3, STM32MP253CAL3, STM32MP253DAI3, STM32MP253DAK3, STM32MP253DAL3, STM32MP253FAI3, STM32MP253FAK3, STM32MP253FAL3, STM32MP255AAI3, STM32MP255AAK3, STM32MP255AAL3, STM32MP255CAI3, STM32MP255CAK3, STM32MP255CAL3, STM32MP255DAI3, STM32MP255DAK3, STM32MP255DAL3, STM32MP255FAI3, STM32MP255FAK3, STM32MP255FAL3, STM32MP257AAI3, STM32MP257AAK3, STM32MP257AAL3, STM32MP257CAI3, STM32MP257CAK3, STM32MP257CAL3, STM32MP257DAI3, STM32MP257DAK3, STM32MP257DAL3, STM32MP257F-DK, STM32MP257F-EV1, STM32MP257FAI3, STM32MP257FAK3, STM32MP257FAL3, STM32N645A0H3Q, STM32N645B0H3Q, STM32N645I0H3Q, STM32N645L0H3Q, STM32N645X0H3Q, STM32N645Z0H3Q, STM32N647A0H3Q, STM32N647B0H3Q, STM32N647I0H3Q, STM32N647L0H3Q, STM32N647X0H3Q, STM32N647Z0H3Q, STM32N655A0H3Q, STM32N655B0H3Q, STM32N655I0H3Q, STM32N655L0H3Q, STM32N655X0H3Q, STM32N655Z0H3Q, STM32N6570-DK, STM32N657A0H3Q, STM32N657B0H3Q, STM32N657I0H3Q, STM32N657L0H3Q, STM32N657X0H3Q, STM32N657Z0H3Q, STM32U031C6T6, STM32U031C6U6, STM32U031C8T6, STM32U031C8U6, STM32U031F4P6, STM32U031F6P6, STM32U031F8P6, STM32U031G6Y6TR, STM32U031G8Y6TR, STM32U031K4U6, STM32U031K6U6, STM32U031K8U6, STM32U031R6I6, STM32U031R6T6, STM32U031R8I6, STM32U031R8T6, STM32U073C8T6, STM32U073C8U6, STM32U073CBT6, STM32U073CBU6, STM32U073CCT6, STM32U073CCU6, STM32U073H8Y6TR, STM32U073HBY6TR, STM32U073HCY6TR, STM32U073K8U6, STM32U073KBU6, STM32U073KCU6, STM32U073M8I6, STM32U073M8T6, STM32U073MBI6, STM32U073MBT6, STM32U073MCI6, STM32U073MCT6, STM32U073R8I6, STM32U073R8T6, STM32U073RBI6, STM32U073RBT6, STM32U073RCI6, STM32U073RCT6, STM32U083C-DK, STM32U083CCT6, STM32U083CCU6, STM32U083HCY6TR, STM32U083KCU6, STM32U083MCI6, STM32U083MCT6, STM32U083RCI6, STM32U083RCT6, STM32U375CET6, STM32U375CET6Q, STM32U375CEU6, STM32U375CEU6Q, STM32U375CEY6QTR, STM32U375CGT6, STM32U375CGT6Q, STM32U375CGU6, STM32U375CGU6Q, STM32U375CGY6QTR, STM32U375KEU6, STM32U375KGU6, STM32U375REI6, STM32U375REI6Q, STM32U375RET6, STM32U375RET6Q, STM32U375REY6GTR, STM32U375REY6QTR, STM32U375RGI6, STM32U375RGI6Q, STM32U375RGT6, STM32U375RGT6Q, STM32U375RGY6GTR, STM32U375RGY6QTR, STM32U375VEI6, STM32U375VEI6Q, STM32U375VET6, STM32U375VET6Q, STM32U375VGI6, STM32U375VGI6Q, STM32U375VGT6, STM32U375VGT6Q, STM32U385CGT6, STM32U385CGT6Q, STM32U385CGU6, STM32U385CGU6Q, STM32U385CGY6QTR, STM32U385KGU6, STM32U385RGI6, STM32U385RGI6Q, STM32U385RGT6, STM32U385RGT6Q, STM32U385RGY6GTR, STM32U385RGY6QTR, STM32U385VGI6, STM32U385VGI6Q, STM32U385VGT6, STM32U385VGT6Q, STM32U535CBT6, STM32U535CBT6Q, STM32U535CBU6, STM32U535CBU6Q, STM32U535CCT6, STM32U535CCT6Q, STM32U535CCU6, STM32U535CCU6Q, STM32U535CET6, STM32U535CET6Q, STM32U535CEU6, STM32U535CEU6Q, STM32U535JEY6QTR, STM32U535NCY6QTR, STM32U535NEY6QTR, STM32U535RBI6, STM32U535RBI6Q, STM32U535RBT6, STM32U535RBT6Q, STM32U535RCI6, STM32U535RCI6Q, STM32U535RCT6, STM32U535RCT6Q, STM32U535REI6, STM32U535REI6Q, STM32U535RET6, STM32U535RET6Q, STM32U535VCI6, STM32U535VCI6Q, STM32U535VCT6, STM32U535VCT6Q, STM32U535VEI6, STM32U535VEI6Q, STM32U535VET6, STM32U535VET6Q, STM32U545CET6, STM32U545CET6Q, STM32U545CEU6, STM32U545CEU6Q, STM32U545JEY6QTR, STM32U545NEY6QTR, STM32U545REI6, STM32U545REI6Q, STM32U545RET6, STM32U545RET6Q, STM32U545VEI6, STM32U545VEI6Q, STM32U545VET6, STM32U545VET6Q, STM32U595AIH6, STM32U595AIH6Q, STM32U595AJH6, STM32U595AJH6Q, STM32U595QII6, STM32U595QII6Q, STM32U595QJI6, STM32U595QJI6Q, STM32U595RIT6, STM32U595RIT6Q, STM32U595RJT6, STM32U595RJT6Q, STM32U595VIT6, STM32U595VIT6Q, STM32U595VJT6, STM32U595VJT6Q, STM32U595ZIT6, STM32U595ZIT6Q, STM32U595ZIY6QTR, STM32U595ZJT6, STM32U595ZJT6Q, STM32U595ZJY6QTR, STM32U599BJY6QTR, STM32U599NIH6Q, STM32U599NJH6Q, STM32U599VIT6Q, STM32U599VJT6, STM32U599VJT6Q, STM32U599ZIT6Q, STM32U599ZIY6QTR, STM32U599ZJT6Q, STM32U599ZJY6QTR, STM32U5A5AJH6, STM32U5A5AJH6Q, STM32U5A5QII3Q , STM32U5A5QJI6, STM32U5A5QJI6Q, STM32U5A5RJT6, STM32U5A5RJT6Q, STM32U5A5VJT6, STM32U5A5VJT6Q, STM32U5A5ZJT6, STM32U5A5ZJT6Q, STM32U5A5ZJY6QTR, STM32U5A9BJY6QTR, STM32U5A9J-DK, STM32U5A9NJH6Q, STM32U5A9VJT6Q, STM32U5A9ZJT6Q, STM32U5A9ZJY6QTR, STM32U5F7VIT6, STM32U5F7VIT6Q, STM32U5F7VJT6, STM32U5F7VJT6Q, STM32U5F9BJY6QTR, STM32U5F9NJH6Q, STM32U5F9VIT6Q, STM32U5F9VJT6Q, STM32U5F9ZIJ6QTR, STM32U5F9ZIT6Q, STM32U5F9ZJJ6QTR, STM32U5F9ZJT6Q, STM32U5G7VJT6, STM32U5G7VJT6Q, STM32U5G9BJY6QTR, STM32U5G9J-DK1, STM32U5G9J-DK2, STM32U5G9NJH6Q, STM32U5G9VJT6Q, STM32U5G9ZJJ6QTR, STM32U5G9ZJT6Q, STM32WB05KZV6TR, STM32WB05KZV7TR, STM32WB05TZF6TR, STM32WB05TZF7TR, STM32WB06CCF6TR, STM32WB06CCF7TR, STM32WB06CCV6TR, STM32WB06CCV7TR, STM32WB06KCV6TR, STM32WB06KCV7TR, STM32WB07CCF6TR, STM32WB07CCF7TR, STM32WB07CCV6TR, STM32WB07CCV7TR, STM32WB07KCV6TR, STM32WB07KCV7TR, STM32WB09KEV6TR, STM32WB09KEV7TR, STM32WB09TEF6TR, STM32WB09TEF7TR, STM32WB1MMCH6, STM32WBA50KGU6, STM32WBA50KGU6TR, STM32WBA52CEU6, STM32WBA52CEU6TR, STM32WBA52CEU7, STM32WBA52CEU7TR, STM32WBA52CGU6, STM32WBA52CGU6TR, STM32WBA52CGU6U, STM32WBA52CGU7, STM32WBA52CGU7TR, STM32WBA52KEU6, STM32WBA52KEU6TR, STM32WBA52KGU6, STM32WBA52KGU6TR, STM32WBA54CEU6, STM32WBA54CEU6TR, STM32WBA54CEU7, STM32WBA54CEU7TR, STM32WBA54CGU6, STM32WBA54CGU6TR, STM32WBA54CGU7, STM32WBA54CGU7TR, STM32WBA54KEU6, STM32WBA54KEU6TR, STM32WBA54KEU7, STM32WBA54KEU7TR, STM32WBA54KGU6, STM32WBA54KGU6TR, STM32WBA54KGU7, STM32WBA54KGU7TR, STM32WBA55CEU6, STM32WBA55CEU6TR, STM32WBA55CEU7, STM32WBA55CEU7TR, STM32WBA55CGU6, STM32WBA55CGU6TR, STM32WBA55CGU6U, STM32WBA55CGU7, STM32WBA55CGU7TR, STM32WBA55G-DK1, STM32WBA55HEF6, STM32WBA55HEF7, STM32WBA55HGF6, STM32WBA55HGF7, STM32WBA55UEI6, STM32WBA55UEI6TR, STM32WBA55UEI7, STM32WBA55UEI7TR, STM32WBA55UGI6, STM32WBA55UGI6TR, STM32WBA55UGI7, STM32WBA55UGI7TR, STM32WBA5MMGH6TR, STM32WBA62MGF6, STM32WBA62MIF6, STM32WBA65MGF7, STM32WBA65MIF6, STM32WBA65MIF7, STM32WL30K8V6, STM32WL30KBV6, STM32WL31C8V6, STM32WL31CBV6, STM32WL31K8V6, STM32WL31KBV6, STM32WL33C8V6, STM32WL33C8V6X, STM32WL33CBV6, STM32WL33CBV6X, STM32WL33CCV6, STM32WL33CCV6A, STM32WL33CCV6X, STM32WL33K8V7, STM32WL33K8V7X, STM32WL33KBV7 , STM32WL33KBV7X, STM32WL33KCV7, STM32WL33KCV7X, STM32WL5MOCH6, STM32WL5MOCH6TR]
2026-07-09 22:29:14,459 [INFO] BoardInfo:889 - No configuration file found for board NUCLEO-H5E5ZJ
2026-07-09 22:29:14,462 [INFO] DbBoards:161 - Board is not supported: NUCLEO-H5E5ZJ
2026-07-09 22:29:14,558 [INFO] BoardInfo:889 - No configuration file found for board NUCLEO-U3C5ZI-Q
2026-07-09 22:29:14,560 [INFO] DbBoards:161 - Board is not supported: NUCLEO-U3C5ZI-Q
2026-07-09 22:29:14,585 [INFO] BoardInfo:889 - No configuration file found for board NUCLEO-WBA25CE1
2026-07-09 22:29:14,587 [INFO] DbBoards:161 - Board is not supported: NUCLEO-WBA25CE1
2026-07-09 22:29:14,604 [INFO] BoardInfo:889 - No configuration file found for board NUCLEO-WL3RKB1
2026-07-09 22:29:14,605 [INFO] DbBoards:161 - Board is not supported: NUCLEO-WL3RKB1
2026-07-09 22:29:14,607 [INFO] BoardInfo:889 - No configuration file found for board NUCLEO-WL3RKB2
2026-07-09 22:29:14,608 [INFO] DbBoards:161 - Board is not supported: NUCLEO-WL3RKB2
2026-07-09 22:29:14,627 [INFO] BoardInfo:889 - No configuration file found for board P-NUCLEO-WB55
2026-07-09 22:29:14,629 [INFO] DbBoards:161 - Kit is not supported: P-NUCLEO-WB55
2026-07-09 22:29:14,640 [INFO] BoardInfo:889 - No configuration file found for board STEVAL-BFA001V1B
2026-07-09 22:29:14,641 [INFO] DbBoards:161 - Kit is not supported: STEVAL-BFA001V1B
2026-07-09 22:29:14,643 [INFO] BoardInfo:889 - No configuration file found for board STEVAL-BFA001V2B
2026-07-09 22:29:14,645 [INFO] DbBoards:161 - Kit is not supported: STEVAL-BFA001V2B
2026-07-09 22:29:14,886 [INFO] BoardInfo:889 - No configuration file found for board STM32H5F5J-DK
2026-07-09 22:29:14,889 [INFO] DbBoards:161 - Board is not supported: STM32H5F5J-DK
2026-07-09 22:29:15,087 [INFO] DbBoards:168 - Found 218 boards, 209 are supported
2026-07-09 22:29:15,087 [INFO] DbBoards:169 - Found 218 boards, 43 of them is supported for  Bsp
2026-07-09 22:29:15,090 [INFO] ApiDb:423 - Load user favorites file C:\Users\ASUS/.stm32cubeide/favorites.boards.txt: 1 item(s)
2026-07-09 22:29:15,090 [INFO] ApiDb:427 - User favorites Boards=[STM32F407G-DISC1]
2026-07-09 22:29:15,090 [INFO] DbBoards:198 - Set 1 / 1 favorites Boards
2026-07-09 22:29:15,090 [INFO] McuFinderGlobals:76 - Set McuFinderConnectedMode to true
2026-07-09 22:29:15,099 [INFO] MultiScanPanel:200 - Auto-refresh data requested => check proxy status ongoing
2026-07-09 22:29:15,103 [INFO] FinderPluginLoader:96 - Searching for filters in installed packs
2026-07-09 22:29:16,873 [INFO] LoadUrlFilesThread:185 - End of LoadServerUrlFiles without Thread
2026-07-09 22:29:16,892 [INFO] DetailPanel:341 - Set advertising image to C:/Users/ASUS/STM32Cube/Repository/\en.prom-stm32wl3r-0526.jpg
2026-07-09 22:29:21,369 [INFO] MultiScanPanel:200 - Auto-refresh data requested => check proxy status ongoing
2026-07-09 22:29:21,582 [INFO] LoadUrlFilesThread:185 - End of LoadServerUrlFiles without Thread
2026-07-09 22:29:21,582 [INFO] DetailPanel:341 - Set advertising image to C:/Users/ASUS/STM32Cube/Repository/\en.prom-stm32wl3r-0526.jpg
2026-07-09 22:29:21,601 [INFO] DbBoards:642 - Loading board mini-images...
2026-07-09 22:29:27,180 [INFO] DbBoards:665 - Loaded 218 board mini-images
2026-07-09 22:30:49,564 [INFO] McuFinderGlobals:76 - Set McuFinderConnectedMode to true
2026-07-09 22:30:49,569 [INFO] ApiDb:448 - Save user favorites file C:\Users\ASUS/.stm32cubeide/favorites.mcus.txt: 0 item(s)
2026-07-09 22:30:49,569 [INFO] ApiDb:452 - User favorites MCUs=[]
2026-07-09 22:30:49,571 [INFO] ApiDb:448 - Save user favorites file C:\Users\ASUS/.stm32cubeide/favorites.boards.txt: 1 item(s)
2026-07-09 22:30:49,571 [INFO] ApiDb:452 - User favorites Boards=[STM32F407G-DISC1]
2026-07-09 22:48:58,721 [INFO] Activator:176 - 


2026-07-09 22:48:58,723 [INFO] Activator:177 - !SESSION log4j initialized
2026-07-09 22:49:01,239 [INFO] LogOutputStream:77 - [STDOUT_REDIRECT] 
2026-07-09 22:49:02,972 [INFO] ApplicationProperties:184 - Using Application install path: C:\ST\STM32CubeIDE_1.19.0\STM32CubeIDE\plugins\com.st.stm32cube.common.mx_6.15.0.202507011659
2026-07-09 22:49:02,988 [INFO] DbMcusXml:78 - Set database path to: C:\ST\STM32CubeIDE_1.19.0\STM32CubeIDE\plugins\com.st.stm32cube.common.mx_6.15.0.202507011659\\db\/mcu/
2026-07-09 22:49:02,988 [INFO] ApiDb:274 - Set plugin database path to: C:\ST\STM32CubeIDE_1.19.0\STM32CubeIDE\plugins\com.st.stm32cube.common.mx_6.15.0.202507011659\\db\/plugins/boardmanager/
2026-07-09 22:49:02,989 [WARN] ApiDb:259 - Overriding images path with different value:  => C:\ST\STM32CubeIDE_1.19.0\STM32CubeIDE\plugins\com.st.stm32cube.common.mx_6.15.0.202507011659\\db\/plugins/mcufinder/images/
2026-07-09 22:49:02,994 [INFO] ApiDb:250 - Set database path to: C:\Users\ASUS\.stmcufinder\plugins\mcufinder//mcu/
2026-07-09 22:49:02,996 [INFO] DbMcusAds:125 - Set database path to: C:\Users\ASUS\.stmcufinder\plugins\mcufinder//mcu/
2026-07-09 22:49:02,996 [INFO] CrossReferenceDbSqlite:203 - Set database path to: C:\Users\ASUS\.stmcufinder\plugins\mcufinder//mcu/cs/
2026-07-09 22:49:03,103 [INFO] RulesReader:64 - Compatibility file has been processed (317 Rules)
2026-07-09 22:49:03,178 [INFO] DbMcusXml:78 - Set database path to: C:\ST\STM32CubeIDE_1.19.0\STM32CubeIDE\plugins\com.st.stm32cube.common.mx_6.15.0.202507011659\\db\/mcu/
2026-07-09 22:49:03,178 [INFO] ApiDb:274 - Set plugin database path to: C:\ST\STM32CubeIDE_1.19.0\STM32CubeIDE\plugins\com.st.stm32cube.common.mx_6.15.0.202507011659\\db\/plugins/boardmanager/
2026-07-09 22:49:03,179 [INFO] ApiDb:261 - Set plugin images path to: C:\ST\STM32CubeIDE_1.19.0\STM32CubeIDE\plugins\com.st.stm32cube.common.mx_6.15.0.202507011659\\db\/plugins/mcufinder/images/
2026-07-09 22:49:03,179 [WARN] DbFile:41 - Overriding database path with different value: C:\Users\ASUS\.stmcufinder\plugins\mcufinder/ => C:\Users\ASUS\.stmcufinder\plugins\mcufinder
2026-07-09 22:49:03,179 [INFO] ApiDb:250 - Set database path to: C:\Users\ASUS\.stmcufinder\plugins\mcufinder//mcu/
2026-07-09 22:49:03,179 [WARN] DbFile:41 - Overriding database path with different value: C:\Users\ASUS\.stmcufinder\plugins\mcufinder/ => C:\Users\ASUS\.stmcufinder\plugins\mcufinder
2026-07-09 22:49:03,179 [INFO] DbMcusAds:125 - Set database path to: C:\Users\ASUS\.stmcufinder\plugins\mcufinder//mcu/
2026-07-09 22:49:03,179 [WARN] DbFile:41 - Overriding database path with different value: C:\Users\ASUS\.stmcufinder\plugins\mcufinder/ => C:\Users\ASUS\.stmcufinder\plugins\mcufinder
2026-07-09 22:49:03,179 [WARN] DbFile:41 - Overriding database path with different value: C:\Users\ASUS\.stmcufinder\plugins\mcufinder/ => C:\Users\ASUS\.stmcufinder\plugins\mcufinder
2026-07-09 22:49:03,179 [INFO] CrossReferenceDbSqlite:203 - Set database path to: C:\Users\ASUS\.stmcufinder\plugins\mcufinder//mcu/cs/
2026-07-09 22:49:03,241 [INFO] MainPanel:274 - HeapMemory: 268435456
2026-07-09 22:49:03,313 [INFO] DbMcusXml:78 - Set database path to: C:\ST\STM32CubeIDE_1.19.0\STM32CubeIDE\plugins\com.st.stm32cube.common.mx_6.15.0.202507011659\\db\/mcu/
2026-07-09 22:49:03,313 [INFO] ApiDb:274 - Set plugin database path to: C:\ST\STM32CubeIDE_1.19.0\STM32CubeIDE\plugins\com.st.stm32cube.common.mx_6.15.0.202507011659\\db\/plugins/boardmanager/
2026-07-09 22:49:03,313 [INFO] ApiDb:261 - Set plugin images path to: C:\ST\STM32CubeIDE_1.19.0\STM32CubeIDE\plugins\com.st.stm32cube.common.mx_6.15.0.202507011659\\db\/plugins/mcufinder/images/
2026-07-09 22:49:03,314 [WARN] DbFile:41 - Overriding database path with different value: C:\Users\ASUS\.stmcufinder\plugins\mcufinder/ => C:\Users\ASUS\.stmcufinder\plugins\mcufinder
2026-07-09 22:49:03,314 [INFO] ApiDb:250 - Set database path to: C:\Users\ASUS\.stmcufinder\plugins\mcufinder//mcu/
2026-07-09 22:49:03,314 [WARN] DbFile:41 - Overriding database path with different value: C:\Users\ASUS\.stmcufinder\plugins\mcufinder/ => C:\Users\ASUS\.stmcufinder\plugins\mcufinder
2026-07-09 22:49:03,314 [INFO] DbMcusAds:125 - Set database path to: C:\Users\ASUS\.stmcufinder\plugins\mcufinder//mcu/
2026-07-09 22:49:03,314 [WARN] DbFile:41 - Overriding database path with different value: C:\Users\ASUS\.stmcufinder\plugins\mcufinder/ => C:\Users\ASUS\.stmcufinder\plugins\mcufinder
2026-07-09 22:49:03,314 [WARN] DbFile:41 - Overriding database path with different value: C:\Users\ASUS\.stmcufinder\plugins\mcufinder/ => C:\Users\ASUS\.stmcufinder\plugins\mcufinder
2026-07-09 22:49:03,315 [INFO] CrossReferenceDbSqlite:203 - Set database path to: C:\Users\ASUS\.stmcufinder\plugins\mcufinder//mcu/cs/
2026-07-09 22:49:03,333 [INFO] ApplicationProperties:184 - Using Application install path: C:\ST\STM32CubeIDE_1.19.0\STM32CubeIDE\plugins\com.st.stm32cube.common.mx_6.15.0.202507011659
2026-07-09 22:49:03,334 [INFO] PluginManage:196 - Search for loadable plugins [exclusion list=, ]
2026-07-09 22:49:03,336 [INFO] PluginManage:310 - Check plugin analytics
2026-07-09 22:49:03,492 [INFO] AnalyticsPlugin:253 - Accepted Software Licenses: STM32CubeMX.6.17.0
2026-07-09 22:49:03,492 [INFO] AnalyticsPlugin:255 - Accepted CMSIS Pack Licenses: 
2026-07-09 22:49:03,492 [INFO] AnalyticsPlugin:257 - Accepted Firmware Licenses: FW.F4.1.28.0,FW.F4.1.28.3
2026-07-09 22:49:03,495 [INFO] PluginManage:359 - Loaded plugin analytics (category:tool,tabindex:-1)
2026-07-09 22:49:03,495 [INFO] PluginManage:310 - Check plugin cadmodel
2026-07-09 22:49:03,499 [INFO] CADModel:105 - Init CAD model plugin
2026-07-09 22:49:03,499 [INFO] PluginManage:359 - Loaded plugin cadmodel (category:power,tabindex:5)
2026-07-09 22:49:03,499 [INFO] PluginManage:310 - Check plugin clock
2026-07-09 22:49:03,509 [INFO] PluginManage:359 - Loaded plugin clock (category:base,tabindex:2)
2026-07-09 22:49:03,509 [INFO] PluginManage:310 - Check plugin ddr
2026-07-09 22:49:03,511 [INFO] PluginManage:359 - Loaded plugin ddr (category:tool,tabindex:6)
2026-07-09 22:49:03,512 [INFO] PluginManage:310 - Check plugin filemanager
2026-07-09 22:49:03,633 [INFO] PluginManage:359 - Loaded plugin filemanager (category:base,tabindex:10)
2026-07-09 22:49:03,633 [INFO] PluginManage:310 - Check plugin ipmanager
2026-07-09 22:49:03,639 [INFO] PluginManage:359 - Loaded plugin ipmanager (category:base,tabindex:5)
2026-07-09 22:49:03,639 [INFO] PluginManage:310 - Check plugin lpbam
2026-07-09 22:49:03,667 [INFO] PluginManage:359 - Loaded plugin lpbam (category:base,tabindex:0)
2026-07-09 22:49:03,668 [INFO] PluginManage:310 - Check plugin memorymap
2026-07-09 22:49:03,678 [INFO] PluginManage:359 - Loaded plugin memorymap (category:base,tabindex:4)
2026-07-09 22:49:03,678 [INFO] PluginManage:310 - Check plugin pinoutandconfiguration
2026-07-09 22:49:03,686 [INFO] PluginManage:359 - Loaded plugin pinoutandconfiguration (category:base,tabindex:1)
2026-07-09 22:49:03,686 [INFO] PluginManage:310 - Check plugin pinoutconfig
2026-07-09 22:49:03,805 [WARN] SupportedApi:132 - Cannot load RTOS API schema: s4s-elt-must-match.1: The content of 'definitions' must match (annotation?, (simpleType | complexType)?, (unique | key | keyref)*)). A problem was found starting at: attribute.
2026-07-09 22:49:03,922 [INFO] PluginManage:359 - Loaded plugin pinoutconfig (category:base,tabindex:0)
2026-07-09 22:49:03,922 [INFO] PluginManage:310 - Check plugin power
2026-07-09 22:49:03,930 [INFO] PluginManage:359 - Loaded plugin power (category:power,tabindex:4)
2026-07-09 22:49:03,930 [INFO] PluginManage:310 - Check plugin projectmanager
2026-07-09 22:49:03,945 [INFO] PluginManage:359 - Loaded plugin projectmanager (category:projectmanager,tabindex:4)
2026-07-09 22:49:03,946 [INFO] PluginManage:310 - Check plugin rif
2026-07-09 22:49:03,952 [INFO] PluginManage:359 - Loaded plugin rif (category:base,tabindex:3)
2026-07-09 22:49:03,952 [INFO] PluginManage:310 - Check plugin thirdparty
2026-07-09 22:49:04,066 [WARN] IntegrityCheckThread:84 - waiting for thirdparty lock release [integrity check]
2026-07-09 22:49:04,066 [INFO] PluginManage:359 - Loaded plugin thirdparty (category:base,tabindex:-1)
2026-07-09 22:49:04,066 [INFO] IntegrityCheckThread:86 - entering critical section [integrity check]
2026-07-09 22:49:04,067 [INFO] PluginManage:310 - Check plugin tools
2026-07-09 22:49:04,067 [INFO] ThirdPartyUpdaterWithRetryManager:70 - Updater plugin not ready yet. [1/15]
2026-07-09 22:49:04,068 [INFO] PluginManage:359 - Loaded plugin tools (category:base,tabindex:7)
2026-07-09 22:49:04,070 [INFO] PluginManage:310 - Check plugin tutovideos
2026-07-09 22:49:04,222 [INFO] PluginManage:359 - Loaded plugin tutovideos (category:base,tabindex:-1)
2026-07-09 22:49:04,222 [INFO] PluginManage:310 - Check plugin updater
2026-07-09 22:49:04,243 [INFO] PluginManage:359 - Loaded plugin updater (category:base,tabindex:12)
2026-07-09 22:49:04,243 [INFO] PluginManage:310 - Check plugin userauth
2026-07-09 22:49:04,247 [INFO] UserAuth:118 - Init User Auth plugin
2026-07-09 22:49:04,249 [INFO] PluginManage:359 - Loaded plugin userauth (category:base,tabindex:14)
2026-07-09 22:49:04,249 [INFO] PluginManage:283 - PluginManage : Loaded plugins [18]
2026-07-09 22:49:04,433 [INFO] PinOutPanel:1589 - setPackage(No Configuration,No Configuration)
2026-07-09 22:49:04,505 [INFO] CADModel:165 - CPN selected for project level
2026-07-09 22:49:04,506 [INFO] CADModel:114 - Register for checkConnection events
2026-07-09 22:49:04,517 [INFO] IPUIPlugin:80 - create IPUIPlugin
2026-07-09 22:49:04,517 [INFO] PluginManager:220 - loadIPPluginJar : add adc
2026-07-09 22:49:04,519 [INFO] IPUIPlugin:80 - create IPUIPlugin
2026-07-09 22:49:04,519 [INFO] PluginManager:220 - loadIPPluginJar : add aes
2026-07-09 22:49:04,521 [INFO] IPUIPlugin:80 - create IPUIPlugin
2026-07-09 22:49:04,521 [INFO] PluginManager:220 - loadIPPluginJar : add can
2026-07-09 22:49:04,523 [INFO] IPUIPlugin:80 - create IPUIPlugin
2026-07-09 22:49:04,523 [INFO] PluginManager:220 - loadIPPluginJar : add comp
2026-07-09 22:49:04,525 [INFO] IPUIPlugin:80 - create IPUIPlugin
2026-07-09 22:49:04,525 [INFO] PluginManager:220 - loadIPPluginJar : add cryp
2026-07-09 22:49:04,526 [INFO] IPUIPlugin:80 - create IPUIPlugin
2026-07-09 22:49:04,527 [INFO] PluginManager:220 - loadIPPluginJar : add ddr_ctrl_phy
2026-07-09 22:49:04,528 [INFO] IPUIPlugin:80 - create IPUIPlugin
2026-07-09 22:49:04,528 [INFO] PluginManager:220 - loadIPPluginJar : add dfsdm
2026-07-09 22:49:04,532 [INFO] IPUIPlugin:80 - create IPUIPlugin
2026-07-09 22:49:04,532 [INFO] PluginManager:220 - loadIPPluginJar : add dma
2026-07-09 22:49:04,534 [INFO] IPUIPlugin:80 - create IPUIPlugin
2026-07-09 22:49:04,534 [INFO] PluginManager:220 - loadIPPluginJar : add dma3
2026-07-09 22:49:04,536 [INFO] IPUIPlugin:80 - create IPUIPlugin
2026-07-09 22:49:04,536 [INFO] PluginManager:220 - loadIPPluginJar : add extmemmanager
2026-07-09 22:49:04,537 [INFO] IPUIPlugin:80 - create IPUIPlugin
2026-07-09 22:49:04,538 [INFO] PluginManager:220 - loadIPPluginJar : add fatfs
2026-07-09 22:49:04,541 [INFO] IPUIPlugin:80 - create IPUIPlugin
2026-07-09 22:49:04,541 [INFO] PluginManager:220 - loadIPPluginJar : add fmc
2026-07-09 22:49:04,544 [INFO] IPUIPlugin:80 - create IPUIPlugin
2026-07-09 22:49:04,545 [INFO] PluginManager:220 - loadIPPluginJar : add freertos
2026-07-09 22:49:04,547 [INFO] IPUIPlugin:80 - create IPUIPlugin
2026-07-09 22:49:04,547 [INFO] PluginManager:220 - loadIPPluginJar : add genericplugin
2026-07-09 22:49:04,549 [INFO] IPUIPlugin:80 - create IPUIPlugin
2026-07-09 22:49:04,549 [INFO] PluginManager:220 - loadIPPluginJar : add gfxmmu
2026-07-09 22:49:04,553 [INFO] IPUIPlugin:80 - create IPUIPlugin
2026-07-09 22:49:04,554 [INFO] PluginManager:220 - loadIPPluginJar : add gic
2026-07-09 22:49:04,556 [INFO] IPUIPlugin:80 - create IPUIPlugin
2026-07-09 22:49:04,557 [INFO] PluginManager:220 - loadIPPluginJar : add gpio
2026-07-09 22:49:04,558 [INFO] IPUIPlugin:80 - create IPUIPlugin
2026-07-09 22:49:04,558 [INFO] PluginManager:220 - loadIPPluginJar : add gtzc
2026-07-09 22:49:04,560 [INFO] IPUIPlugin:80 - create IPUIPlugin
2026-07-09 22:49:04,560 [INFO] PluginManager:220 - loadIPPluginJar : add hash
2026-07-09 22:49:04,562 [INFO] IPUIPlugin:80 - create IPUIPlugin
2026-07-09 22:49:04,562 [INFO] PluginManager:220 - loadIPPluginJar : add i2c
2026-07-09 22:49:04,565 [INFO] IPUIPlugin:80 - create IPUIPlugin
2026-07-09 22:49:04,566 [INFO] PluginManager:220 - loadIPPluginJar : add i2s
2026-07-09 22:49:04,568 [INFO] IPUIPlugin:80 - create IPUIPlugin
2026-07-09 22:49:04,568 [INFO] PluginManager:220 - loadIPPluginJar : add i3c
2026-07-09 22:49:04,571 [INFO] IPUIPlugin:80 - create IPUIPlugin
2026-07-09 22:49:04,571 [INFO] PluginManager:220 - loadIPPluginJar : add ipddr
2026-07-09 22:49:04,575 [INFO] IPUIPlugin:80 - create IPUIPlugin
2026-07-09 22:49:04,576 [INFO] PluginManager:220 - loadIPPluginJar : add linkedlist
2026-07-09 22:49:04,579 [INFO] IPUIPlugin:80 - create IPUIPlugin
2026-07-09 22:49:04,579 [INFO] PluginManager:220 - loadIPPluginJar : add lorawan
2026-07-09 22:49:04,580 [INFO] IPUIPlugin:80 - create IPUIPlugin
2026-07-09 22:49:04,580 [INFO] PluginManager:220 - loadIPPluginJar : add ltdc
2026-07-09 22:49:04,584 [INFO] IPUIPlugin:80 - create IPUIPlugin
2026-07-09 22:49:04,584 [INFO] PluginManager:220 - loadIPPluginJar : add mdma
2026-07-09 22:49:04,587 [INFO] IPUIPlugin:80 - create IPUIPlugin
2026-07-09 22:49:04,587 [INFO] PluginManager:220 - loadIPPluginJar : add nvic
2026-07-09 22:49:04,589 [INFO] IPUIPlugin:80 - create IPUIPlugin
2026-07-09 22:49:04,589 [INFO] PluginManager:220 - loadIPPluginJar : add opamp
2026-07-09 22:49:04,591 [INFO] IPUIPlugin:80 - create IPUIPlugin
2026-07-09 22:49:04,592 [INFO] PluginManager:220 - loadIPPluginJar : add openamp
2026-07-09 22:49:04,595 [INFO] IPUIPlugin:80 - create IPUIPlugin
2026-07-09 22:49:04,595 [INFO] PluginManager:220 - loadIPPluginJar : add pdm2pcm
2026-07-09 22:49:04,600 [INFO] IPUIPlugin:80 - create IPUIPlugin
2026-07-09 22:49:04,602 [INFO] PluginManager:220 - loadIPPluginJar : add plateformsettings
2026-07-09 22:49:04,604 [INFO] IPUIPlugin:80 - create IPUIPlugin
2026-07-09 22:49:04,604 [INFO] PluginManager:220 - loadIPPluginJar : add quadspi
2026-07-09 22:49:04,606 [INFO] IPUIPlugin:80 - create IPUIPlugin
2026-07-09 22:49:04,607 [INFO] PluginManager:220 - loadIPPluginJar : add radio
2026-07-09 22:49:04,609 [INFO] IPUIPlugin:80 - create IPUIPlugin
2026-07-09 22:49:04,609 [INFO] PluginManager:220 - loadIPPluginJar : add resmgrutility
2026-07-09 22:49:04,612 [INFO] IPUIPlugin:80 - create IPUIPlugin
2026-07-09 22:49:04,613 [INFO] PluginManager:220 - loadIPPluginJar : add sai
2026-07-09 22:49:04,614 [INFO] IPUIPlugin:80 - create IPUIPlugin
2026-07-09 22:49:04,615 [INFO] PluginManager:220 - loadIPPluginJar : add spi
2026-07-09 22:49:04,619 [INFO] IPUIPlugin:80 - create IPUIPlugin
2026-07-09 22:49:04,619 [INFO] PluginManager:220 - loadIPPluginJar : add stm32_wpan
2026-07-09 22:49:04,620 [INFO] IPUIPlugin:80 - create IPUIPlugin
2026-07-09 22:49:04,620 [INFO] PluginManager:220 - loadIPPluginJar : add tim
2026-07-09 22:49:04,623 [INFO] IPUIPlugin:80 - create IPUIPlugin
2026-07-09 22:49:04,623 [INFO] PluginManager:220 - loadIPPluginJar : add touchsensing
2026-07-09 22:49:04,625 [INFO] IPUIPlugin:80 - create IPUIPlugin
2026-07-09 22:49:04,625 [INFO] PluginManager:220 - loadIPPluginJar : add tracer_emb
2026-07-09 22:49:04,627 [INFO] IPUIPlugin:80 - create IPUIPlugin
2026-07-09 22:49:04,627 [INFO] PluginManager:220 - loadIPPluginJar : add ts
2026-07-09 22:49:04,628 [INFO] IPUIPlugin:80 - create IPUIPlugin
2026-07-09 22:49:04,628 [INFO] PluginManager:220 - loadIPPluginJar : add tsc
2026-07-09 22:49:04,630 [INFO] IPUIPlugin:80 - create IPUIPlugin
2026-07-09 22:49:04,630 [INFO] PluginManager:220 - loadIPPluginJar : add ucpd
2026-07-09 22:49:04,632 [INFO] IPUIPlugin:80 - create IPUIPlugin
2026-07-09 22:49:04,632 [INFO] PluginManager:220 - loadIPPluginJar : add usart
2026-07-09 22:49:04,634 [INFO] IPUIPlugin:80 - create IPUIPlugin
2026-07-09 22:49:04,634 [INFO] PluginManager:220 - loadIPPluginJar : add usbx
2026-07-09 22:49:04,753 [FATAL] Updater:351 - Updater called before beeing initialized
2026-07-09 22:49:04,794 [INFO] RulesReader:64 - Compatibility file has been processed (317 Rules)
2026-07-09 22:49:04,805 [INFO] RulesReader:64 - Compatibility file has been processed (317 Rules)
2026-07-09 22:49:04,812 [INFO] CADModel:165 - CPN selected for project level
2026-07-09 22:49:04,812 [INFO] CADModel:114 - Register for checkConnection events
2026-07-09 22:49:04,812 [FATAL] Updater:351 - Updater called before beeing initialized
2026-07-09 22:49:04,812 [ERROR] CADModel:125 - Updater not yet initialized, retry later 
2026-07-09 22:49:04,930 [FATAL] Updater:351 - Updater called before beeing initialized
2026-07-09 22:49:04,931 [INFO] CADModel:165 - CPN selected for project level
2026-07-09 22:49:04,931 [INFO] CADModel:114 - Register for checkConnection events
2026-07-09 22:49:04,931 [FATAL] Updater:351 - Updater called before beeing initialized
2026-07-09 22:49:04,931 [ERROR] CADModel:125 - Updater not yet initialized, retry later 
2026-07-09 22:49:04,934 [FATAL] Updater:351 - Updater called before beeing initialized
2026-07-09 22:49:05,037 [FATAL] Updater:351 - Updater called before beeing initialized
2026-07-09 22:49:05,040 [INFO] DbMcusAds:53 - JSON generation date=Thu May 28 21:38:16 IST 2026 (1779984496303)
2026-07-09 22:49:05,040 [FATAL] Updater:351 - Updater called before beeing initialized
2026-07-09 22:49:05,071 [WARN] DetailPanel:346 - Failed to get advertising image, set to default
2026-07-09 22:49:05,144 [FATAL] Updater:351 - Updater called before beeing initialized
2026-07-09 22:49:05,145 [FATAL] Updater:351 - Updater called before beeing initialized
2026-07-09 22:49:05,145 [FATAL] Updater:351 - Updater called before beeing initialized
2026-07-09 22:49:05,145 [WARN] DetailPanel:346 - Failed to get advertising image, set to default
2026-07-09 22:49:05,146 [FATAL] Updater:351 - Updater called before beeing initialized
2026-07-09 22:49:05,185 [ERROR] Updater:1198 - MainUpdater not yet initialized. External WinMGr cannot be set.
2026-07-09 22:49:05,187 [INFO] Updater:1134 - Updater Version found : 6.15.0
2026-07-09 22:49:05,199 [INFO] ApplicationProperties:184 - Using Application install path: C:\ST\STM32CubeIDE_1.19.0\STM32CubeIDE\plugins\com.st.stm32cube.common.mx_6.15.0.202507011659
2026-07-09 22:49:06,771 [ERROR] LogOutputStream:75 - [STDERR_REDIRECT] Jul 09, 2026 10:49:06 PM java.util.prefs.WindowsPreferences <init>
2026-07-09 22:49:06,773 [ERROR] LogOutputStream:75 - [STDERR_REDIRECT] WARNING: Could not open/create prefs root node Software\JavaSoft\Prefs at root 0xffffffff80000002. Windows RegCreateKeyEx(...) returned error code 5.
2026-07-09 22:49:06,773 [ERROR] LogOutputStream:75 - [STDERR_REDIRECT] 
2026-07-09 22:49:07,069 [INFO] ThirdPartyUpdaterWithRetryManager:70 - Updater plugin not ready yet. [2/15]
2026-07-09 22:49:07,129 [INFO] MainUpdater:2872 - connection check result : 10
2026-07-09 22:49:07,130 [INFO] MainUpdater:289 - Updater Check For Update Now.
2026-07-09 22:49:07,130 [INFO] MicroXplorer:498 - Change Database Version : DB.6.0.150
2026-07-09 22:49:07,138 [INFO] McuFinderGlobals:63 - Set McuFinder mode to 2 (CubeIDE integrated)
2026-07-09 22:49:07,139 [INFO] UserAuth:171 - activating auth plugin
2026-07-09 22:49:07,143 [INFO] UserAuth:487 - Internet connection configuration mode: 1
2026-07-09 22:49:07,163 [INFO] JxBrowserEngine:152 - Initiate JxBrowser Engine with user profile folder
2026-07-09 22:49:07,345 [INFO] CheckServerUpdateThread:120 - End of CheckServer Thread
2026-07-09 22:49:07,710 [INFO] WebApp:169 - Instantiating new browser for Auth
2026-07-09 22:49:08,340 [INFO] WebApp:463 - Apply proxy settings
2026-07-09 22:49:08,340 [INFO] WebApp:548 - Chromium requires no authentication
2026-07-09 22:49:08,347 [INFO] WebApp:491 - Direct internet connection detected
2026-07-09 22:49:08,367 [INFO] WebApp:900 - Register for checkConnection events
2026-07-09 22:49:08,368 [INFO] WebApp:463 - Apply proxy settings
2026-07-09 22:49:08,369 [INFO] WebApp:548 - Chromium requires no authentication
2026-07-09 22:49:08,370 [INFO] WebApp:491 - Direct internet connection detected
2026-07-09 22:49:08,515 [INFO] WebApp:225 - Starting web application
2026-07-09 22:49:08,516 [INFO] WebApp:593 - Web application path used C:\ST\STM32CubeIDE_1.19.0\STM32CubeIDE\plugins\com.st.stm32cube.common.mx_6.15.0.202507011659\db\plugins\mcufinder\reactClient1\index.html
2026-07-09 22:49:08,727 [INFO] WebApp:191 - Connection restablished
2026-07-09 22:49:10,388 [WARN] PackLoader:240 - Cannot read IP mode file for STMicroelectronics.X-CUBE-AZRTOS-H7.3.5.0
2026-07-09 22:49:10,405 [WARN] PackLoader:240 - Cannot read IP mode file for STMicroelectronics.FP-ATR-ASTRA1.2.0.2
2026-07-09 22:49:10,414 [ERROR] Engine:466 - C:\Users\ASUS\.stm32cubemx\thirdparties\pdsc\STMicroelectronics.X-CUBE-SMBUS.2.1.1.pdsc: PDSC version is not supported
2026-07-09 22:49:10,464 [WARN] PackLoader:240 - Cannot read IP mode file for STMicroelectronics.X-CUBE-AZRTOS-F7.1.1.0
2026-07-09 22:49:10,483 [WARN] PackLoader:240 - Cannot read IP mode file for STMicroelectronics.X-CUBE-FREERTOS.1.6.0
2026-07-09 22:49:10,492 [WARN] PackLoader:240 - Cannot read IP mode file for STMicroelectronics.FP-SNS-MOTENV1.5.1.0
2026-07-09 22:49:10,527 [WARN] PackLoader:240 - Cannot read IP mode file for STMicroelectronics.X-CUBE-AZRTOS-H7RS.1.3.0
2026-07-09 22:49:10,542 [WARN] PackLoader:240 - Cannot read IP mode file for WES.I-CUBE-Cesium.1.4.0
2026-07-09 22:49:10,553 [WARN] PackLoader:240 - Cannot read IP mode file for STMicroelectronics.X-CUBE-DISPLAY.3.0.0
2026-07-09 22:49:10,568 [WARN] PackLoader:240 - Cannot read IP mode file for STMicroelectronics.X-CUBE-GNSS1.7.1.1
2026-07-09 22:49:10,575 [WARN] PackLoader:240 - Cannot read IP mode file for STMicroelectronics.FP-SNS-MOTENVWB1.1.5.0
2026-07-09 22:49:10,581 [WARN] PackLoader:240 - Cannot read IP mode file for wolfSSL.I-CUBE-wolfSSL.5.9.1
2026-07-09 22:49:10,592 [WARN] PackLoader:240 - Cannot read IP mode file for STMicroelectronics.X-CUBE-NFC10.1.0.0
2026-07-09 22:49:10,600 [WARN] PackLoader:240 - Cannot read IP mode file for STMicroelectronics.X-CUBE-ST60.1.1.0
2026-07-09 22:49:10,606 [WARN] PackLoader:240 - Cannot read IP mode file for emotas.I-CUBE-CANOPEN.1.3.0
2026-07-09 22:49:10,608 [ERROR] Engine:466 - C:\Users\ASUS\.stm32cubemx\thirdparties\pdsc\STMicroelectronics.X-CUBE-WBA.1.1.0.pdsc: PDSC version is not supported
2026-07-09 22:49:10,614 [WARN] PackLoader:240 - Cannot read IP mode file for STMicroelectronics.FP-SNS-STBOX1.2.1.0
2026-07-09 22:49:10,623 [WARN] PackLoader:240 - Cannot read IP mode file for STMicroelectronics.FP-SNS-SMARTAG2.1.2.0
2026-07-09 22:49:10,629 [WARN] PackLoader:240 - Cannot read IP mode file for STMicroelectronics.FP-SNS-FLIGHT1.5.1.0
2026-07-09 22:49:10,638 [INFO] LogOutputStream:77 - [STDOUT_REDIRECT] 1 : Invalid condition id : UX_CORESTACK_Condition cause : null
2026-07-09 22:49:10,639 [INFO] LogOutputStream:77 - [STDOUT_REDIRECT] 1 : Invalid condition id : UX_CORESTACK_Condition cause : null
2026-07-09 22:49:10,640 [INFO] LogOutputStream:77 - [STDOUT_REDIRECT] 1 : Invalid condition id : UX_CORESTACK_Condition cause : null
2026-07-09 22:49:10,642 [INFO] LogOutputStream:77 - [STDOUT_REDIRECT] 1 : Invalid condition id : UX_CORESTACK_Condition cause : null
2026-07-09 22:49:10,643 [INFO] LogOutputStream:77 - [STDOUT_REDIRECT] 1 : Invalid condition id : UX_CORESTACK_Condition cause : null
2026-07-09 22:49:10,647 [WARN] PackLoader:240 - Cannot read IP mode file for STMicroelectronics.X-CUBE-AZRTOS-WL.2.0.0
2026-07-09 22:49:10,655 [WARN] PackLoader:240 - Cannot read IP mode file for STMicroelectronics.X-CUBE-BLE2.3.3.0
2026-07-09 22:49:10,688 [WARN] PackLoader:240 - Cannot read IP mode file for Infineon.AIROC-Wi-Fi-Bluetooth-STM32.1.8.0
2026-07-09 22:49:10,700 [WARN] PackLoader:240 - Cannot read IP mode file for STMicroelectronics.X-CUBE-NFC9.1.0.0
2026-07-09 22:49:10,708 [WARN] PackLoader:240 - Cannot read IP mode file for STMicroelectronics.X-CUBE-BLE1.7.1.0
2026-07-09 22:49:10,713 [WARN] PackLoader:240 - Cannot read IP mode file for wolfSSL.I-CUBE-wolfMQTT.1.19.2
2026-07-09 22:49:10,718 [WARN] PackLoader:240 - Cannot read IP mode file for STMicroelectronics.X-CUBE-EEPRMA1.5.2.0
2026-07-09 22:49:10,725 [WARN] PackLoader:240 - Cannot read IP mode file for STMicroelectronics.FP-SNS-STAIOTCFT.1.1.0
2026-07-09 22:49:10,742 [WARN] PackLoader:240 - Cannot read IP mode file for STMicroelectronics.X-CUBE-AZRTOS-G0.1.1.0
2026-07-09 22:49:10,749 [WARN] PackLoader:240 - Cannot read IP mode file for STMicroelectronics.X-CUBE-NFC4.3.0.0
2026-07-09 22:49:10,759 [WARN] PackLoader:240 - Cannot read IP mode file for EmbeddedOffice.I-CUBE-FS-RTOS.1.0.1
2026-07-09 22:49:10,763 [WARN] PackLoader:240 - Cannot read IP mode file for wolfSSL.I-CUBE-wolfTPM.3.8.0
2026-07-09 22:49:10,768 [WARN] PackLoader:240 - Cannot read IP mode file for STMicroelectronics.X-CUBE-TCPP.4.2.0
2026-07-09 22:49:10,775 [WARN] PackLoader:240 - Cannot read IP mode file for RealThread.X-CUBE-RT-Thread_Nano.4.1.1
2026-07-09 22:49:10,778 [WARN] PackLoader:240 - Cannot read IP mode file for STMicroelectronics.FP-ATR-SIGFOX1.3.2.0
2026-07-09 22:49:10,785 [WARN] PackLoader:240 - Cannot read IP mode file for ITTIA_DB.I-CUBE-ITTIADB.8.9.0
2026-07-09 22:49:10,789 [WARN] PackLoader:240 - Cannot read IP mode file for Cesanta.I-CUBE-Mongoose.7.21.7
2026-07-09 22:49:10,797 [WARN] PackLoader:240 - Cannot read IP mode file for STMicroelectronics.X-CUBE-NFC6.3.2.0
2026-07-09 22:49:10,805 [WARN] PackLoader:240 - Cannot read IP mode file for STMicroelectronics.X-CUBE-AI.10.2.1
2026-07-09 22:49:10,863 [WARN] PackLoader:240 - Cannot read IP mode file for STMicroelectronics.X-CUBE-MEMS1.12.1.0
2026-07-09 22:49:11,043 [WARN] PackLoader:240 - Cannot read IP mode file for SEGGER.I-CUBE-embOS.1.3.1
2026-07-09 22:49:11,089 [WARN] PackLoader:240 - Cannot read IP mode file for STMicroelectronics.X-CUBE-NFC13.1.0.0
2026-07-09 22:49:11,095 [WARN] PackLoader:240 - Cannot read IP mode file for STMicroelectronics.X-CUBE-PM33A1.1.0.0
2026-07-09 22:49:11,110 [WARN] PackLoader:240 - Cannot read IP mode file for STMicroelectronics.X-CUBE-AZRTOS-F4.1.1.0
2026-07-09 22:49:11,118 [WARN] PackLoader:240 - Cannot read IP mode file for STMicroelectronics.X-CUBE-ISPU.2.1.0
2026-07-09 22:49:11,132 [WARN] PackLoader:240 - Cannot read IP mode file for STMicroelectronics.X-CUBE-IPS.3.2.0
2026-07-09 22:49:11,140 [WARN] PackLoader:240 - Cannot read IP mode file for STMicroelectronics.eDS-WB_DPC_TT-BIDIR.2.1.1
2026-07-09 22:49:11,145 [WARN] PackLoader:240 - Cannot read IP mode file for STMicroelectronics.X-CUBE-NFC12.1.0.0
2026-07-09 22:49:11,163 [WARN] PackLoader:240 - Cannot read IP mode file for STMicroelectronics.X-CUBE-AZRTOS-L5.2.0.0
2026-07-09 22:49:11,172 [WARN] PackLoader:240 - Cannot read IP mode file for STMicroelectronics.X-CUBE-ALGOBUILD.1.5.0
2026-07-09 22:49:11,176 [WARN] PackLoader:240 - Cannot read IP mode file for STMicroelectronics.eDS-WB_DPC_VIENNA.1.2.0
2026-07-09 22:49:11,179 [WARN] PackLoader:240 - Cannot read IP mode file for STMicroelectronics.eDS-WB_DPC_3PH2L-BIDIR.1.1.1
2026-07-09 22:49:11,182 [ERROR] Engine:466 - C:\Users\ASUS\.stm32cubemx\thirdparties\pdsc\STMicroelectronics.X-CUBE-ST67W61.1.3.0.pdsc: PDSC version is not supported
2026-07-09 22:49:11,186 [WARN] PackLoader:240 - Cannot read IP mode file for STMicroelectronics.X-CUBE-TOUCHGFX.4.26.1
2026-07-09 22:49:11,193 [WARN] PackLoader:240 - Cannot read IP mode file for STMicroelectronics.X-CUBE-DPower.1.3.0
2026-07-09 22:49:11,211 [WARN] ConditionMgr:438 - getConditionDescription Invalid condition id : LAN8742 Phy interface Condition cause : null
2026-07-09 22:49:11,211 [WARN] PackLoader:240 - Cannot read IP mode file for STMicroelectronics.X-CUBE-AZRTOS-L4.2.0.0
2026-07-09 22:49:11,213 [WARN] ConditionMgr:1044 - genDependencies : Invalid condition id : LAN8742 Phy interface Condition cause : null
2026-07-09 22:49:11,213 [WARN] ConditionMgr:1044 - genDependencies : Invalid condition id : LAN8742 Phy interface Condition cause : null
2026-07-09 22:49:11,213 [WARN] ConditionMgr:1044 - genDependencies : Invalid condition id : LAN8742 Phy interface Condition cause : null
2026-07-09 22:49:11,222 [WARN] PackLoader:240 - Cannot read IP mode file for STMicroelectronics.X-CUBE-SFXS2LP1.4.0.0
2026-07-09 22:49:11,228 [WARN] PackLoader:240 - Cannot read IP mode file for STMicroelectronics.X-CUBE-WB05N.2.1.0
2026-07-09 22:49:11,238 [WARN] PackLoader:240 - Cannot read IP mode file for STMicroelectronics.X-CUBE-BLEMGR.4.1.0
2026-07-09 22:49:11,252 [WARN] ConditionMgr:438 - getConditionDescription Invalid condition id : UX DEVICE CLASS RTOS Condition cause : null
2026-07-09 22:49:11,252 [WARN] ConditionMgr:438 - getConditionDescription Invalid condition id : UX DEVICE CLASS RTOS Condition cause : null
2026-07-09 22:49:11,253 [WARN] PackLoader:240 - Cannot read IP mode file for STMicroelectronics.X-CUBE-AZRTOS-WB.2.0.0
2026-07-09 22:49:11,254 [WARN] ConditionMgr:1044 - genDependencies : Invalid condition id : UX DEVICE CLASS RTOS Condition cause : null
2026-07-09 22:49:11,254 [WARN] ConditionMgr:1044 - genDependencies : Invalid condition id : UX DEVICE CLASS RTOS Condition cause : null
2026-07-09 22:49:11,254 [WARN] ConditionMgr:1044 - genDependencies : Invalid condition id : UX DEVICE CLASS RTOS Condition cause : null
2026-07-09 22:49:11,255 [WARN] ConditionMgr:1044 - genDependencies : Invalid condition id : UX DEVICE CLASS RTOS Condition cause : null
2026-07-09 22:49:11,255 [WARN] ConditionMgr:1044 - genDependencies : Invalid condition id : UX DEVICE CLASS RTOS Condition cause : null
2026-07-09 22:49:11,259 [WARN] ConditionMgr:438 - getConditionDescription Invalid condition id : Cortex-A Device cause : null
2026-07-09 22:49:11,267 [WARN] ConditionMgr:1044 - genDependencies : Invalid condition id : Cortex-A Device cause : null
2026-07-09 22:49:11,268 [WARN] ConditionMgr:1044 - genDependencies : Invalid condition id : Cortex-A Device cause : null
2026-07-09 22:49:11,268 [WARN] ConditionMgr:1044 - genDependencies : Invalid condition id : Cortex-A Device cause : null
2026-07-09 22:49:11,274 [WARN] PackLoader:240 - Cannot read IP mode file for STMicroelectronics.X-CUBE-STSE01.2.0.0
2026-07-09 22:49:11,285 [WARN] PackLoader:240 - Cannot read IP mode file for STMicroelectronics.X-CUBE-SUBG2.5.0.0
2026-07-09 22:49:11,298 [WARN] PackLoader:240 - Cannot read IP mode file for STMicroelectronics.X-CUBE-AZRTOS-G4.2.0.0
2026-07-09 22:49:11,303 [WARN] PackLoader:240 - Cannot read IP mode file for wolfSSL.I-CUBE-wolfSSH.1.4.20
2026-07-09 22:49:11,306 [WARN] PackLoader:240 - Cannot read IP mode file for STMicroelectronics.X-CUBE-NFC7.2.0.0
2026-07-09 22:49:11,309 [ERROR] Engine:466 - C:\Users\ASUS\.stm32cubemx\thirdparties\pdsc\STMicroelectronics.X-CUBE-BLEMGR.4.2.0.pdsc: PDSC version is not supported
2026-07-09 22:49:11,314 [WARN] PackLoader:240 - Cannot read IP mode file for STMicroelectronics.X-CUBE-ALS.1.0.2
2026-07-09 22:49:11,325 [WARN] PackLoader:240 - Cannot read IP mode file for STMicroelectronics.X-CUBE-TOF1.3.4.3
2026-07-09 22:49:11,334 [INFO] ThirdParty:978 - Integrity check success = true
2026-07-09 22:49:11,334 [INFO] IntegrityCheckThread:100 - exiting critical section [integrity check]
2026-07-09 22:49:11,335 [INFO] IntegrityCheckThread:103 - End integrity checks thread
2026-07-09 22:50:15,855 [ERROR] LogOutputStream:75 - [STDERR_REDIRECT] 
2026-07-09 22:50:15,856 [ERROR] LogOutputStream:75 - [STDERR_REDIRECT] 
2026-07-09 22:52:00,986 [INFO] Activator:176 - 


2026-07-09 22:52:00,990 [INFO] Activator:177 - !SESSION log4j initialized
2026-07-09 22:52:06,428 [INFO] LogOutputStream:77 - [STDOUT_REDIRECT] 
2026-07-09 22:52:43,371 [INFO] ApplicationProperties:184 - Using Application install path: C:\ST\STM32CubeIDE_1.19.0\STM32CubeIDE\plugins\com.st.stm32cube.common.mx_6.15.0.202507011659
2026-07-09 22:52:43,384 [INFO] DbMcusXml:78 - Set database path to: C:\ST\STM32CubeIDE_1.19.0\STM32CubeIDE\plugins\com.st.stm32cube.common.mx_6.15.0.202507011659\\db\/mcu/
2026-07-09 22:52:43,384 [INFO] ApiDb:274 - Set plugin database path to: C:\ST\STM32CubeIDE_1.19.0\STM32CubeIDE\plugins\com.st.stm32cube.common.mx_6.15.0.202507011659\\db\/plugins/boardmanager/
2026-07-09 22:52:43,385 [WARN] ApiDb:259 - Overriding images path with different value:  => C:\ST\STM32CubeIDE_1.19.0\STM32CubeIDE\plugins\com.st.stm32cube.common.mx_6.15.0.202507011659\\db\/plugins/mcufinder/images/
2026-07-09 22:52:43,389 [INFO] ApiDb:250 - Set database path to: C:\Users\ASUS\.stmcufinder\plugins\mcufinder//mcu/
2026-07-09 22:52:43,390 [INFO] DbMcusAds:125 - Set database path to: C:\Users\ASUS\.stmcufinder\plugins\mcufinder//mcu/
2026-07-09 22:52:43,413 [INFO] CrossReferenceDbSqlite:203 - Set database path to: C:\Users\ASUS\.stmcufinder\plugins\mcufinder//mcu/cs/
2026-07-09 22:52:43,533 [INFO] RulesReader:64 - Compatibility file has been processed (317 Rules)
2026-07-09 22:52:43,595 [INFO] DbMcusXml:78 - Set database path to: C:\ST\STM32CubeIDE_1.19.0\STM32CubeIDE\plugins\com.st.stm32cube.common.mx_6.15.0.202507011659\\db\/mcu/
2026-07-09 22:52:43,595 [INFO] ApiDb:274 - Set plugin database path to: C:\ST\STM32CubeIDE_1.19.0\STM32CubeIDE\plugins\com.st.stm32cube.common.mx_6.15.0.202507011659\\db\/plugins/boardmanager/
2026-07-09 22:52:43,595 [INFO] ApiDb:261 - Set plugin images path to: C:\ST\STM32CubeIDE_1.19.0\STM32CubeIDE\plugins\com.st.stm32cube.common.mx_6.15.0.202507011659\\db\/plugins/mcufinder/images/
2026-07-09 22:52:43,596 [WARN] DbFile:41 - Overriding database path with different value: C:\Users\ASUS\.stmcufinder\plugins\mcufinder/ => C:\Users\ASUS\.stmcufinder\plugins\mcufinder
2026-07-09 22:52:43,596 [INFO] ApiDb:250 - Set database path to: C:\Users\ASUS\.stmcufinder\plugins\mcufinder//mcu/
2026-07-09 22:52:43,596 [WARN] DbFile:41 - Overriding database path with different value: C:\Users\ASUS\.stmcufinder\plugins\mcufinder/ => C:\Users\ASUS\.stmcufinder\plugins\mcufinder
2026-07-09 22:52:43,596 [INFO] DbMcusAds:125 - Set database path to: C:\Users\ASUS\.stmcufinder\plugins\mcufinder//mcu/
2026-07-09 22:52:43,596 [WARN] DbFile:41 - Overriding database path with different value: C:\Users\ASUS\.stmcufinder\plugins\mcufinder/ => C:\Users\ASUS\.stmcufinder\plugins\mcufinder
2026-07-09 22:52:43,596 [WARN] DbFile:41 - Overriding database path with different value: C:\Users\ASUS\.stmcufinder\plugins\mcufinder/ => C:\Users\ASUS\.stmcufinder\plugins\mcufinder
2026-07-09 22:52:43,596 [INFO] CrossReferenceDbSqlite:203 - Set database path to: C:\Users\ASUS\.stmcufinder\plugins\mcufinder//mcu/cs/
2026-07-09 22:52:43,657 [INFO] MainPanel:274 - HeapMemory: 269484032
2026-07-09 22:52:43,733 [INFO] DbMcusXml:78 - Set database path to: C:\ST\STM32CubeIDE_1.19.0\STM32CubeIDE\plugins\com.st.stm32cube.common.mx_6.15.0.202507011659\\db\/mcu/
2026-07-09 22:52:43,734 [INFO] ApiDb:274 - Set plugin database path to: C:\ST\STM32CubeIDE_1.19.0\STM32CubeIDE\plugins\com.st.stm32cube.common.mx_6.15.0.202507011659\\db\/plugins/boardmanager/
2026-07-09 22:52:43,734 [INFO] ApiDb:261 - Set plugin images path to: C:\ST\STM32CubeIDE_1.19.0\STM32CubeIDE\plugins\com.st.stm32cube.common.mx_6.15.0.202507011659\\db\/plugins/mcufinder/images/
2026-07-09 22:52:43,734 [WARN] DbFile:41 - Overriding database path with different value: C:\Users\ASUS\.stmcufinder\plugins\mcufinder/ => C:\Users\ASUS\.stmcufinder\plugins\mcufinder
2026-07-09 22:52:43,734 [INFO] ApiDb:250 - Set database path to: C:\Users\ASUS\.stmcufinder\plugins\mcufinder//mcu/
2026-07-09 22:52:43,734 [WARN] DbFile:41 - Overriding database path with different value: C:\Users\ASUS\.stmcufinder\plugins\mcufinder/ => C:\Users\ASUS\.stmcufinder\plugins\mcufinder
2026-07-09 22:52:43,734 [INFO] DbMcusAds:125 - Set database path to: C:\Users\ASUS\.stmcufinder\plugins\mcufinder//mcu/
2026-07-09 22:52:43,734 [WARN] DbFile:41 - Overriding database path with different value: C:\Users\ASUS\.stmcufinder\plugins\mcufinder/ => C:\Users\ASUS\.stmcufinder\plugins\mcufinder
2026-07-09 22:52:43,734 [WARN] DbFile:41 - Overriding database path with different value: C:\Users\ASUS\.stmcufinder\plugins\mcufinder/ => C:\Users\ASUS\.stmcufinder\plugins\mcufinder
2026-07-09 22:52:43,734 [INFO] CrossReferenceDbSqlite:203 - Set database path to: C:\Users\ASUS\.stmcufinder\plugins\mcufinder//mcu/cs/
2026-07-09 22:52:43,749 [INFO] ApplicationProperties:184 - Using Application install path: C:\ST\STM32CubeIDE_1.19.0\STM32CubeIDE\plugins\com.st.stm32cube.common.mx_6.15.0.202507011659
2026-07-09 22:52:43,750 [INFO] PluginManage:196 - Search for loadable plugins [exclusion list=, ]
2026-07-09 22:52:43,751 [INFO] PluginManage:310 - Check plugin analytics
2026-07-09 22:52:43,937 [INFO] AnalyticsPlugin:253 - Accepted Software Licenses: STM32CubeMX.6.17.0
2026-07-09 22:52:43,937 [INFO] AnalyticsPlugin:255 - Accepted CMSIS Pack Licenses: 
2026-07-09 22:52:43,937 [INFO] AnalyticsPlugin:257 - Accepted Firmware Licenses: FW.F4.1.28.0,FW.F4.1.28.3
2026-07-09 22:52:43,941 [INFO] PluginManage:359 - Loaded plugin analytics (category:tool,tabindex:-1)
2026-07-09 22:52:43,941 [INFO] PluginManage:310 - Check plugin cadmodel
2026-07-09 22:52:43,945 [INFO] CADModel:105 - Init CAD model plugin
2026-07-09 22:52:43,945 [INFO] PluginManage:359 - Loaded plugin cadmodel (category:power,tabindex:5)
2026-07-09 22:52:43,945 [INFO] PluginManage:310 - Check plugin clock
2026-07-09 22:52:43,954 [INFO] PluginManage:359 - Loaded plugin clock (category:base,tabindex:2)
2026-07-09 22:52:43,955 [INFO] PluginManage:310 - Check plugin ddr
2026-07-09 22:52:43,959 [INFO] PluginManage:359 - Loaded plugin ddr (category:tool,tabindex:6)
2026-07-09 22:52:43,959 [INFO] PluginManage:310 - Check plugin filemanager
2026-07-09 22:52:44,093 [INFO] PluginManage:359 - Loaded plugin filemanager (category:base,tabindex:10)
2026-07-09 22:52:44,094 [INFO] PluginManage:310 - Check plugin ipmanager
2026-07-09 22:52:44,115 [INFO] PluginManage:359 - Loaded plugin ipmanager (category:base,tabindex:5)
2026-07-09 22:52:44,115 [INFO] PluginManage:310 - Check plugin lpbam
2026-07-09 22:52:44,127 [INFO] PluginManage:359 - Loaded plugin lpbam (category:base,tabindex:0)
2026-07-09 22:52:44,127 [INFO] PluginManage:310 - Check plugin memorymap
2026-07-09 22:52:44,141 [INFO] PluginManage:359 - Loaded plugin memorymap (category:base,tabindex:4)
2026-07-09 22:52:44,141 [INFO] PluginManage:310 - Check plugin pinoutandconfiguration
2026-07-09 22:52:44,148 [INFO] PluginManage:359 - Loaded plugin pinoutandconfiguration (category:base,tabindex:1)
2026-07-09 22:52:44,148 [INFO] PluginManage:310 - Check plugin pinoutconfig
2026-07-09 22:52:44,226 [WARN] SupportedApi:132 - Cannot load RTOS API schema: s4s-elt-must-match.1: The content of 'definitions' must match (annotation?, (simpleType | complexType)?, (unique | key | keyref)*)). A problem was found starting at: attribute.
2026-07-09 22:52:44,352 [INFO] PluginManage:359 - Loaded plugin pinoutconfig (category:base,tabindex:0)
2026-07-09 22:52:44,353 [INFO] PluginManage:310 - Check plugin power
2026-07-09 22:52:44,361 [INFO] PluginManage:359 - Loaded plugin power (category:power,tabindex:4)
2026-07-09 22:52:44,361 [INFO] PluginManage:310 - Check plugin projectmanager
2026-07-09 22:52:44,377 [INFO] PluginManage:359 - Loaded plugin projectmanager (category:projectmanager,tabindex:4)
2026-07-09 22:52:44,377 [INFO] PluginManage:310 - Check plugin rif
2026-07-09 22:52:44,384 [INFO] PluginManage:359 - Loaded plugin rif (category:base,tabindex:3)
2026-07-09 22:52:44,384 [INFO] PluginManage:310 - Check plugin thirdparty
2026-07-09 22:52:44,499 [INFO] PluginManage:359 - Loaded plugin thirdparty (category:base,tabindex:-1)
2026-07-09 22:52:44,499 [WARN] IntegrityCheckThread:84 - waiting for thirdparty lock release [integrity check]
2026-07-09 22:52:44,500 [INFO] PluginManage:310 - Check plugin tools
2026-07-09 22:52:44,500 [INFO] IntegrityCheckThread:86 - entering critical section [integrity check]
2026-07-09 22:52:44,500 [INFO] ThirdPartyUpdaterWithRetryManager:70 - Updater plugin not ready yet. [1/15]
2026-07-09 22:52:44,503 [INFO] PluginManage:359 - Loaded plugin tools (category:base,tabindex:7)
2026-07-09 22:52:44,503 [INFO] PluginManage:310 - Check plugin tutovideos
2026-07-09 22:52:44,667 [INFO] PluginManage:359 - Loaded plugin tutovideos (category:base,tabindex:-1)
2026-07-09 22:52:44,667 [INFO] PluginManage:310 - Check plugin updater
2026-07-09 22:52:44,689 [INFO] PluginManage:359 - Loaded plugin updater (category:base,tabindex:12)
2026-07-09 22:52:44,689 [INFO] PluginManage:310 - Check plugin userauth
2026-07-09 22:52:44,692 [INFO] UserAuth:118 - Init User Auth plugin
2026-07-09 22:52:44,693 [INFO] PluginManage:359 - Loaded plugin userauth (category:base,tabindex:14)
2026-07-09 22:52:44,693 [INFO] PluginManage:283 - PluginManage : Loaded plugins [18]
2026-07-09 22:52:44,893 [INFO] PinOutPanel:1589 - setPackage(No Configuration,No Configuration)
2026-07-09 22:52:44,990 [INFO] CADModel:165 - CPN selected for project level
2026-07-09 22:52:44,990 [INFO] CADModel:114 - Register for checkConnection events
2026-07-09 22:52:45,009 [INFO] IPUIPlugin:80 - create IPUIPlugin
2026-07-09 22:52:45,009 [INFO] PluginManager:220 - loadIPPluginJar : add adc
2026-07-09 22:52:45,012 [INFO] IPUIPlugin:80 - create IPUIPlugin
2026-07-09 22:52:45,013 [INFO] PluginManager:220 - loadIPPluginJar : add aes
2026-07-09 22:52:45,015 [INFO] IPUIPlugin:80 - create IPUIPlugin
2026-07-09 22:52:45,015 [INFO] PluginManager:220 - loadIPPluginJar : add can
2026-07-09 22:52:45,017 [INFO] IPUIPlugin:80 - create IPUIPlugin
2026-07-09 22:52:45,017 [INFO] PluginManager:220 - loadIPPluginJar : add comp
2026-07-09 22:52:45,021 [INFO] IPUIPlugin:80 - create IPUIPlugin
2026-07-09 22:52:45,021 [INFO] PluginManager:220 - loadIPPluginJar : add cryp
2026-07-09 22:52:45,023 [INFO] IPUIPlugin:80 - create IPUIPlugin
2026-07-09 22:52:45,023 [INFO] PluginManager:220 - loadIPPluginJar : add ddr_ctrl_phy
2026-07-09 22:52:45,025 [INFO] IPUIPlugin:80 - create IPUIPlugin
2026-07-09 22:52:45,026 [INFO] PluginManager:220 - loadIPPluginJar : add dfsdm
2026-07-09 22:52:45,032 [INFO] IPUIPlugin:80 - create IPUIPlugin
2026-07-09 22:52:45,033 [INFO] PluginManager:220 - loadIPPluginJar : add dma
2026-07-09 22:52:45,035 [INFO] IPUIPlugin:80 - create IPUIPlugin
2026-07-09 22:52:45,035 [INFO] PluginManager:220 - loadIPPluginJar : add dma3
2026-07-09 22:52:45,038 [INFO] IPUIPlugin:80 - create IPUIPlugin
2026-07-09 22:52:45,038 [INFO] PluginManager:220 - loadIPPluginJar : add extmemmanager
2026-07-09 22:52:45,040 [INFO] IPUIPlugin:80 - create IPUIPlugin
2026-07-09 22:52:45,040 [INFO] PluginManager:220 - loadIPPluginJar : add fatfs
2026-07-09 22:52:45,044 [INFO] IPUIPlugin:80 - create IPUIPlugin
2026-07-09 22:52:45,044 [INFO] PluginManager:220 - loadIPPluginJar : add fmc
2026-07-09 22:52:45,049 [INFO] IPUIPlugin:80 - create IPUIPlugin
2026-07-09 22:52:45,049 [INFO] PluginManager:220 - loadIPPluginJar : add freertos
2026-07-09 22:52:45,051 [INFO] IPUIPlugin:80 - create IPUIPlugin
2026-07-09 22:52:45,051 [INFO] PluginManager:220 - loadIPPluginJar : add genericplugin
2026-07-09 22:52:45,053 [INFO] IPUIPlugin:80 - create IPUIPlugin
2026-07-09 22:52:45,053 [INFO] PluginManager:220 - loadIPPluginJar : add gfxmmu
2026-07-09 22:52:45,058 [INFO] IPUIPlugin:80 - create IPUIPlugin
2026-07-09 22:52:45,058 [INFO] PluginManager:220 - loadIPPluginJar : add gic
2026-07-09 22:52:45,062 [INFO] IPUIPlugin:80 - create IPUIPlugin
2026-07-09 22:52:45,062 [INFO] PluginManager:220 - loadIPPluginJar : add gpio
2026-07-09 22:52:45,065 [INFO] IPUIPlugin:80 - create IPUIPlugin
2026-07-09 22:52:45,065 [INFO] PluginManager:220 - loadIPPluginJar : add gtzc
2026-07-09 22:52:45,067 [INFO] IPUIPlugin:80 - create IPUIPlugin
2026-07-09 22:52:45,067 [INFO] PluginManager:220 - loadIPPluginJar : add hash
2026-07-09 22:52:45,070 [INFO] IPUIPlugin:80 - create IPUIPlugin
2026-07-09 22:52:45,070 [INFO] PluginManager:220 - loadIPPluginJar : add i2c
2026-07-09 22:52:45,072 [INFO] IPUIPlugin:80 - create IPUIPlugin
2026-07-09 22:52:45,073 [INFO] PluginManager:220 - loadIPPluginJar : add i2s
2026-07-09 22:52:45,075 [INFO] IPUIPlugin:80 - create IPUIPlugin
2026-07-09 22:52:45,075 [INFO] PluginManager:220 - loadIPPluginJar : add i3c
2026-07-09 22:52:45,078 [INFO] IPUIPlugin:80 - create IPUIPlugin
2026-07-09 22:52:45,078 [INFO] PluginManager:220 - loadIPPluginJar : add ipddr
2026-07-09 22:52:45,084 [INFO] IPUIPlugin:80 - create IPUIPlugin
2026-07-09 22:52:45,085 [INFO] PluginManager:220 - loadIPPluginJar : add linkedlist
2026-07-09 22:52:45,088 [INFO] IPUIPlugin:80 - create IPUIPlugin
2026-07-09 22:52:45,088 [INFO] PluginManager:220 - loadIPPluginJar : add lorawan
2026-07-09 22:52:45,091 [INFO] IPUIPlugin:80 - create IPUIPlugin
2026-07-09 22:52:45,091 [INFO] PluginManager:220 - loadIPPluginJar : add ltdc
2026-07-09 22:52:45,096 [INFO] IPUIPlugin:80 - create IPUIPlugin
2026-07-09 22:52:45,096 [INFO] PluginManager:220 - loadIPPluginJar : add mdma
2026-07-09 22:52:45,099 [INFO] IPUIPlugin:80 - create IPUIPlugin
2026-07-09 22:52:45,099 [INFO] PluginManager:220 - loadIPPluginJar : add nvic
2026-07-09 22:52:45,102 [INFO] IPUIPlugin:80 - create IPUIPlugin
2026-07-09 22:52:45,102 [INFO] PluginManager:220 - loadIPPluginJar : add opamp
2026-07-09 22:52:45,105 [INFO] IPUIPlugin:80 - create IPUIPlugin
2026-07-09 22:52:45,105 [INFO] PluginManager:220 - loadIPPluginJar : add openamp
2026-07-09 22:52:45,108 [INFO] IPUIPlugin:80 - create IPUIPlugin
2026-07-09 22:52:45,108 [INFO] PluginManager:220 - loadIPPluginJar : add pdm2pcm
2026-07-09 22:52:45,114 [INFO] IPUIPlugin:80 - create IPUIPlugin
2026-07-09 22:52:45,116 [INFO] PluginManager:220 - loadIPPluginJar : add plateformsettings
2026-07-09 22:52:45,118 [INFO] IPUIPlugin:80 - create IPUIPlugin
2026-07-09 22:52:45,118 [INFO] PluginManager:220 - loadIPPluginJar : add quadspi
2026-07-09 22:52:45,120 [INFO] IPUIPlugin:80 - create IPUIPlugin
2026-07-09 22:52:45,120 [INFO] PluginManager:220 - loadIPPluginJar : add radio
2026-07-09 22:52:45,123 [INFO] IPUIPlugin:80 - create IPUIPlugin
2026-07-09 22:52:45,123 [INFO] PluginManager:220 - loadIPPluginJar : add resmgrutility
2026-07-09 22:52:45,126 [INFO] IPUIPlugin:80 - create IPUIPlugin
2026-07-09 22:52:45,127 [INFO] PluginManager:220 - loadIPPluginJar : add sai
2026-07-09 22:52:45,129 [INFO] IPUIPlugin:80 - create IPUIPlugin
2026-07-09 22:52:45,129 [INFO] PluginManager:220 - loadIPPluginJar : add spi
2026-07-09 22:52:45,135 [INFO] IPUIPlugin:80 - create IPUIPlugin
2026-07-09 22:52:45,136 [INFO] PluginManager:220 - loadIPPluginJar : add stm32_wpan
2026-07-09 22:52:45,137 [INFO] IPUIPlugin:80 - create IPUIPlugin
2026-07-09 22:52:45,138 [INFO] PluginManager:220 - loadIPPluginJar : add tim
2026-07-09 22:52:45,141 [INFO] IPUIPlugin:80 - create IPUIPlugin
2026-07-09 22:52:45,141 [INFO] PluginManager:220 - loadIPPluginJar : add touchsensing
2026-07-09 22:52:45,144 [INFO] IPUIPlugin:80 - create IPUIPlugin
2026-07-09 22:52:45,144 [INFO] PluginManager:220 - loadIPPluginJar : add tracer_emb
2026-07-09 22:52:45,146 [INFO] IPUIPlugin:80 - create IPUIPlugin
2026-07-09 22:52:45,146 [INFO] PluginManager:220 - loadIPPluginJar : add ts
2026-07-09 22:52:45,147 [INFO] IPUIPlugin:80 - create IPUIPlugin
2026-07-09 22:52:45,148 [INFO] PluginManager:220 - loadIPPluginJar : add tsc
2026-07-09 22:52:45,149 [INFO] IPUIPlugin:80 - create IPUIPlugin
2026-07-09 22:52:45,150 [INFO] PluginManager:220 - loadIPPluginJar : add ucpd
2026-07-09 22:52:45,152 [INFO] IPUIPlugin:80 - create IPUIPlugin
2026-07-09 22:52:45,153 [INFO] PluginManager:220 - loadIPPluginJar : add usart
2026-07-09 22:52:45,156 [INFO] IPUIPlugin:80 - create IPUIPlugin
2026-07-09 22:52:45,156 [INFO] PluginManager:220 - loadIPPluginJar : add usbx
2026-07-09 22:52:45,283 [FATAL] Updater:351 - Updater called before beeing initialized
2026-07-09 22:52:45,314 [INFO] RulesReader:64 - Compatibility file has been processed (317 Rules)
2026-07-09 22:52:45,325 [INFO] RulesReader:64 - Compatibility file has been processed (317 Rules)
2026-07-09 22:52:45,332 [INFO] CADModel:165 - CPN selected for project level
2026-07-09 22:52:45,332 [INFO] CADModel:114 - Register for checkConnection events
2026-07-09 22:52:45,332 [FATAL] Updater:351 - Updater called before beeing initialized
2026-07-09 22:52:45,332 [ERROR] CADModel:125 - Updater not yet initialized, retry later 
2026-07-09 22:52:45,463 [FATAL] Updater:351 - Updater called before beeing initialized
2026-07-09 22:52:45,464 [INFO] CADModel:165 - CPN selected for project level
2026-07-09 22:52:45,464 [INFO] CADModel:114 - Register for checkConnection events
2026-07-09 22:52:45,464 [FATAL] Updater:351 - Updater called before beeing initialized
2026-07-09 22:52:45,464 [ERROR] CADModel:125 - Updater not yet initialized, retry later 
2026-07-09 22:52:45,467 [FATAL] Updater:351 - Updater called before beeing initialized
2026-07-09 22:52:45,574 [FATAL] Updater:351 - Updater called before beeing initialized
2026-07-09 22:52:45,578 [INFO] DbMcusAds:53 - JSON generation date=Thu May 28 21:38:16 IST 2026 (1779984496303)
2026-07-09 22:52:45,578 [FATAL] Updater:351 - Updater called before beeing initialized
2026-07-09 22:52:45,609 [WARN] DetailPanel:346 - Failed to get advertising image, set to default
2026-07-09 22:52:45,686 [FATAL] Updater:351 - Updater called before beeing initialized
2026-07-09 22:52:45,687 [FATAL] Updater:351 - Updater called before beeing initialized
2026-07-09 22:52:45,687 [FATAL] Updater:351 - Updater called before beeing initialized
2026-07-09 22:52:45,687 [WARN] DetailPanel:346 - Failed to get advertising image, set to default
2026-07-09 22:52:45,688 [FATAL] Updater:351 - Updater called before beeing initialized
2026-07-09 22:52:45,733 [ERROR] Updater:1198 - MainUpdater not yet initialized. External WinMGr cannot be set.
2026-07-09 22:52:45,735 [INFO] Updater:1134 - Updater Version found : 6.15.0
2026-07-09 22:52:45,750 [INFO] ApplicationProperties:184 - Using Application install path: C:\ST\STM32CubeIDE_1.19.0\STM32CubeIDE\plugins\com.st.stm32cube.common.mx_6.15.0.202507011659
2026-07-09 22:52:47,320 [ERROR] LogOutputStream:75 - [STDERR_REDIRECT] Jul 09, 2026 10:52:47 PM java.util.prefs.WindowsPreferences <init>
2026-07-09 22:52:47,322 [ERROR] LogOutputStream:75 - [STDERR_REDIRECT] WARNING: Could not open/create prefs root node Software\JavaSoft\Prefs at root 0xffffffff80000002. Windows RegCreateKeyEx(...) returned error code 5.
2026-07-09 22:52:47,322 [ERROR] LogOutputStream:75 - [STDERR_REDIRECT] 
2026-07-09 22:52:47,501 [INFO] ThirdPartyUpdaterWithRetryManager:70 - Updater plugin not ready yet. [2/15]
2026-07-09 22:52:47,754 [INFO] MainUpdater:2872 - connection check result : 10
2026-07-09 22:52:47,755 [INFO] MainUpdater:289 - Updater Check For Update Now.
2026-07-09 22:52:47,756 [INFO] MicroXplorer:498 - Change Database Version : DB.6.0.150
2026-07-09 22:52:47,763 [INFO] McuFinderGlobals:63 - Set McuFinder mode to 2 (CubeIDE integrated)
2026-07-09 22:52:47,763 [INFO] UserAuth:171 - activating auth plugin
2026-07-09 22:52:47,766 [INFO] UserAuth:487 - Internet connection configuration mode: 1
2026-07-09 22:52:47,783 [INFO] JxBrowserEngine:152 - Initiate JxBrowser Engine with user profile folder
2026-07-09 22:52:47,961 [INFO] CheckServerUpdateThread:120 - End of CheckServer Thread
2026-07-09 22:52:48,496 [INFO] WebApp:169 - Instantiating new browser for Auth
2026-07-09 22:52:49,191 [INFO] WebApp:463 - Apply proxy settings
2026-07-09 22:52:49,191 [INFO] WebApp:548 - Chromium requires no authentication
2026-07-09 22:52:49,197 [INFO] WebApp:491 - Direct internet connection detected
2026-07-09 22:52:49,218 [INFO] WebApp:900 - Register for checkConnection events
2026-07-09 22:52:49,218 [INFO] WebApp:463 - Apply proxy settings
2026-07-09 22:52:49,218 [INFO] WebApp:548 - Chromium requires no authentication
2026-07-09 22:52:49,220 [INFO] WebApp:491 - Direct internet connection detected
2026-07-09 22:52:49,357 [INFO] WebApp:225 - Starting web application
2026-07-09 22:52:49,357 [INFO] WebApp:593 - Web application path used C:\ST\STM32CubeIDE_1.19.0\STM32CubeIDE\plugins\com.st.stm32cube.common.mx_6.15.0.202507011659\db\plugins\mcufinder\reactClient1\index.html
2026-07-09 22:52:49,518 [INFO] WebApp:191 - Connection restablished
2026-07-09 22:52:50,780 [WARN] PackLoader:240 - Cannot read IP mode file for STMicroelectronics.X-CUBE-AZRTOS-H7.3.5.0
2026-07-09 22:52:50,794 [WARN] PackLoader:240 - Cannot read IP mode file for STMicroelectronics.FP-ATR-ASTRA1.2.0.2
2026-07-09 22:52:50,802 [ERROR] Engine:466 - C:\Users\ASUS\.stm32cubemx\thirdparties\pdsc\STMicroelectronics.X-CUBE-SMBUS.2.1.1.pdsc: PDSC version is not supported
2026-07-09 22:52:50,830 [WARN] PackLoader:240 - Cannot read IP mode file for STMicroelectronics.X-CUBE-AZRTOS-F7.1.1.0
2026-07-09 22:52:50,849 [WARN] PackLoader:240 - Cannot read IP mode file for STMicroelectronics.X-CUBE-FREERTOS.1.6.0
2026-07-09 22:52:50,859 [WARN] PackLoader:240 - Cannot read IP mode file for STMicroelectronics.FP-SNS-MOTENV1.5.1.0
2026-07-09 22:52:50,902 [WARN] PackLoader:240 - Cannot read IP mode file for STMicroelectronics.X-CUBE-AZRTOS-H7RS.1.3.0
2026-07-09 22:52:50,927 [WARN] PackLoader:240 - Cannot read IP mode file for WES.I-CUBE-Cesium.1.4.0
2026-07-09 22:52:50,939 [WARN] PackLoader:240 - Cannot read IP mode file for STMicroelectronics.X-CUBE-DISPLAY.3.0.0
2026-07-09 22:52:50,957 [WARN] PackLoader:240 - Cannot read IP mode file for STMicroelectronics.X-CUBE-GNSS1.7.1.1
2026-07-09 22:52:50,963 [WARN] PackLoader:240 - Cannot read IP mode file for STMicroelectronics.FP-SNS-MOTENVWB1.1.5.0
2026-07-09 22:52:50,968 [WARN] PackLoader:240 - Cannot read IP mode file for wolfSSL.I-CUBE-wolfSSL.5.9.1
2026-07-09 22:52:50,977 [WARN] PackLoader:240 - Cannot read IP mode file for STMicroelectronics.X-CUBE-NFC10.1.0.0
2026-07-09 22:52:50,984 [WARN] PackLoader:240 - Cannot read IP mode file for STMicroelectronics.X-CUBE-ST60.1.1.0
2026-07-09 22:52:50,992 [WARN] PackLoader:240 - Cannot read IP mode file for emotas.I-CUBE-CANOPEN.1.3.0
2026-07-09 22:52:50,994 [ERROR] Engine:466 - C:\Users\ASUS\.stm32cubemx\thirdparties\pdsc\STMicroelectronics.X-CUBE-WBA.1.1.0.pdsc: PDSC version is not supported
2026-07-09 22:52:51,000 [WARN] PackLoader:240 - Cannot read IP mode file for STMicroelectronics.FP-SNS-STBOX1.2.1.0
2026-07-09 22:52:51,008 [WARN] PackLoader:240 - Cannot read IP mode file for STMicroelectronics.FP-SNS-SMARTAG2.1.2.0
2026-07-09 22:52:51,012 [WARN] PackLoader:240 - Cannot read IP mode file for STMicroelectronics.FP-SNS-FLIGHT1.5.1.0
2026-07-09 22:52:51,022 [INFO] LogOutputStream:77 - [STDOUT_REDIRECT] 1 : Invalid condition id : UX_CORESTACK_Condition cause : null
2026-07-09 22:52:51,022 [INFO] LogOutputStream:77 - [STDOUT_REDIRECT] 1 : Invalid condition id : UX_CORESTACK_Condition cause : null
2026-07-09 22:52:51,023 [INFO] LogOutputStream:77 - [STDOUT_REDIRECT] 1 : Invalid condition id : UX_CORESTACK_Condition cause : null
2026-07-09 22:52:51,025 [INFO] LogOutputStream:77 - [STDOUT_REDIRECT] 1 : Invalid condition id : UX_CORESTACK_Condition cause : null
2026-07-09 22:52:51,026 [INFO] LogOutputStream:77 - [STDOUT_REDIRECT] 1 : Invalid condition id : UX_CORESTACK_Condition cause : null
2026-07-09 22:52:51,028 [WARN] PackLoader:240 - Cannot read IP mode file for STMicroelectronics.X-CUBE-AZRTOS-WL.2.0.0
2026-07-09 22:52:51,034 [WARN] PackLoader:240 - Cannot read IP mode file for STMicroelectronics.X-CUBE-BLE2.3.3.0
2026-07-09 22:52:51,071 [WARN] PackLoader:240 - Cannot read IP mode file for Infineon.AIROC-Wi-Fi-Bluetooth-STM32.1.8.0
2026-07-09 22:52:51,088 [WARN] PackLoader:240 - Cannot read IP mode file for STMicroelectronics.X-CUBE-NFC9.1.0.0
2026-07-09 22:52:51,098 [WARN] PackLoader:240 - Cannot read IP mode file for STMicroelectronics.X-CUBE-BLE1.7.1.0
2026-07-09 22:52:51,104 [WARN] PackLoader:240 - Cannot read IP mode file for wolfSSL.I-CUBE-wolfMQTT.1.19.2
2026-07-09 22:52:51,112 [WARN] PackLoader:240 - Cannot read IP mode file for STMicroelectronics.X-CUBE-EEPRMA1.5.2.0
2026-07-09 22:52:51,122 [WARN] PackLoader:240 - Cannot read IP mode file for STMicroelectronics.FP-SNS-STAIOTCFT.1.1.0
2026-07-09 22:52:51,143 [WARN] PackLoader:240 - Cannot read IP mode file for STMicroelectronics.X-CUBE-AZRTOS-G0.1.1.0
2026-07-09 22:52:51,154 [WARN] PackLoader:240 - Cannot read IP mode file for STMicroelectronics.X-CUBE-NFC4.3.0.0
2026-07-09 22:52:51,166 [WARN] PackLoader:240 - Cannot read IP mode file for EmbeddedOffice.I-CUBE-FS-RTOS.1.0.1
2026-07-09 22:52:51,173 [WARN] PackLoader:240 - Cannot read IP mode file for wolfSSL.I-CUBE-wolfTPM.3.8.0
2026-07-09 22:52:51,180 [WARN] PackLoader:240 - Cannot read IP mode file for STMicroelectronics.X-CUBE-TCPP.4.2.0
2026-07-09 22:52:51,189 [WARN] PackLoader:240 - Cannot read IP mode file for RealThread.X-CUBE-RT-Thread_Nano.4.1.1
2026-07-09 22:52:51,194 [WARN] PackLoader:240 - Cannot read IP mode file for STMicroelectronics.FP-ATR-SIGFOX1.3.2.0
2026-07-09 22:52:51,203 [WARN] PackLoader:240 - Cannot read IP mode file for ITTIA_DB.I-CUBE-ITTIADB.8.9.0
2026-07-09 22:52:51,211 [WARN] PackLoader:240 - Cannot read IP mode file for Cesanta.I-CUBE-Mongoose.7.21.7
2026-07-09 22:52:51,239 [WARN] PackLoader:240 - Cannot read IP mode file for STMicroelectronics.X-CUBE-NFC6.3.2.0
2026-07-09 22:52:51,250 [WARN] PackLoader:240 - Cannot read IP mode file for STMicroelectronics.X-CUBE-AI.10.2.1
2026-07-09 22:52:51,324 [WARN] PackLoader:240 - Cannot read IP mode file for STMicroelectronics.X-CUBE-MEMS1.12.1.0
2026-07-09 22:52:51,557 [WARN] PackLoader:240 - Cannot read IP mode file for SEGGER.I-CUBE-embOS.1.3.1
2026-07-09 22:52:51,604 [WARN] PackLoader:240 - Cannot read IP mode file for STMicroelectronics.X-CUBE-NFC13.1.0.0
2026-07-09 22:52:51,611 [WARN] PackLoader:240 - Cannot read IP mode file for STMicroelectronics.X-CUBE-PM33A1.1.0.0
2026-07-09 22:52:51,631 [WARN] PackLoader:240 - Cannot read IP mode file for STMicroelectronics.X-CUBE-AZRTOS-F4.1.1.0
2026-07-09 22:52:51,639 [WARN] PackLoader:240 - Cannot read IP mode file for STMicroelectronics.X-CUBE-ISPU.2.1.0
2026-07-09 22:52:51,649 [WARN] PackLoader:240 - Cannot read IP mode file for STMicroelectronics.X-CUBE-IPS.3.2.0
2026-07-09 22:52:51,664 [WARN] PackLoader:240 - Cannot read IP mode file for STMicroelectronics.eDS-WB_DPC_TT-BIDIR.2.1.1
2026-07-09 22:52:51,670 [WARN] PackLoader:240 - Cannot read IP mode file for STMicroelectronics.X-CUBE-NFC12.1.0.0
2026-07-09 22:52:51,684 [WARN] PackLoader:240 - Cannot read IP mode file for STMicroelectronics.X-CUBE-AZRTOS-L5.2.0.0
2026-07-09 22:52:51,694 [WARN] PackLoader:240 - Cannot read IP mode file for STMicroelectronics.X-CUBE-ALGOBUILD.1.5.0
2026-07-09 22:52:51,698 [WARN] PackLoader:240 - Cannot read IP mode file for STMicroelectronics.eDS-WB_DPC_VIENNA.1.2.0
2026-07-09 22:52:51,701 [WARN] PackLoader:240 - Cannot read IP mode file for STMicroelectronics.eDS-WB_DPC_3PH2L-BIDIR.1.1.1
2026-07-09 22:52:51,705 [ERROR] Engine:466 - C:\Users\ASUS\.stm32cubemx\thirdparties\pdsc\STMicroelectronics.X-CUBE-ST67W61.1.3.0.pdsc: PDSC version is not supported
2026-07-09 22:52:51,709 [WARN] PackLoader:240 - Cannot read IP mode file for STMicroelectronics.X-CUBE-TOUCHGFX.4.26.1
2026-07-09 22:52:51,714 [WARN] PackLoader:240 - Cannot read IP mode file for STMicroelectronics.X-CUBE-DPower.1.3.0
2026-07-09 22:52:51,728 [WARN] ConditionMgr:438 - getConditionDescription Invalid condition id : LAN8742 Phy interface Condition cause : null
2026-07-09 22:52:51,728 [WARN] PackLoader:240 - Cannot read IP mode file for STMicroelectronics.X-CUBE-AZRTOS-L4.2.0.0
2026-07-09 22:52:51,729 [WARN] ConditionMgr:1044 - genDependencies : Invalid condition id : LAN8742 Phy interface Condition cause : null
2026-07-09 22:52:51,730 [WARN] ConditionMgr:1044 - genDependencies : Invalid condition id : LAN8742 Phy interface Condition cause : null
2026-07-09 22:52:51,730 [WARN] ConditionMgr:1044 - genDependencies : Invalid condition id : LAN8742 Phy interface Condition cause : null
2026-07-09 22:52:51,737 [WARN] PackLoader:240 - Cannot read IP mode file for STMicroelectronics.X-CUBE-SFXS2LP1.4.0.0
2026-07-09 22:52:51,743 [WARN] PackLoader:240 - Cannot read IP mode file for STMicroelectronics.X-CUBE-WB05N.2.1.0
2026-07-09 22:52:51,753 [WARN] PackLoader:240 - Cannot read IP mode file for STMicroelectronics.X-CUBE-BLEMGR.4.1.0
2026-07-09 22:52:51,766 [WARN] ConditionMgr:438 - getConditionDescription Invalid condition id : UX DEVICE CLASS RTOS Condition cause : null
2026-07-09 22:52:51,766 [WARN] ConditionMgr:438 - getConditionDescription Invalid condition id : UX DEVICE CLASS RTOS Condition cause : null
2026-07-09 22:52:51,768 [WARN] PackLoader:240 - Cannot read IP mode file for STMicroelectronics.X-CUBE-AZRTOS-WB.2.0.0
2026-07-09 22:52:51,768 [WARN] ConditionMgr:1044 - genDependencies : Invalid condition id : UX DEVICE CLASS RTOS Condition cause : null
2026-07-09 22:52:51,769 [WARN] ConditionMgr:1044 - genDependencies : Invalid condition id : UX DEVICE CLASS RTOS Condition cause : null
2026-07-09 22:52:51,770 [WARN] ConditionMgr:1044 - genDependencies : Invalid condition id : UX DEVICE CLASS RTOS Condition cause : null
2026-07-09 22:52:51,770 [WARN] ConditionMgr:1044 - genDependencies : Invalid condition id : UX DEVICE CLASS RTOS Condition cause : null
2026-07-09 22:52:51,770 [WARN] ConditionMgr:1044 - genDependencies : Invalid condition id : UX DEVICE CLASS RTOS Condition cause : null
2026-07-09 22:52:51,775 [WARN] ConditionMgr:438 - getConditionDescription Invalid condition id : Cortex-A Device cause : null
2026-07-09 22:52:51,783 [WARN] ConditionMgr:1044 - genDependencies : Invalid condition id : Cortex-A Device cause : null
2026-07-09 22:52:51,784 [WARN] ConditionMgr:1044 - genDependencies : Invalid condition id : Cortex-A Device cause : null
2026-07-09 22:52:51,784 [WARN] ConditionMgr:1044 - genDependencies : Invalid condition id : Cortex-A Device cause : null
2026-07-09 22:52:51,791 [WARN] PackLoader:240 - Cannot read IP mode file for STMicroelectronics.X-CUBE-STSE01.2.0.0
2026-07-09 22:52:51,802 [WARN] PackLoader:240 - Cannot read IP mode file for STMicroelectronics.X-CUBE-SUBG2.5.0.0
2026-07-09 22:52:51,816 [WARN] PackLoader:240 - Cannot read IP mode file for STMicroelectronics.X-CUBE-AZRTOS-G4.2.0.0
2026-07-09 22:52:51,821 [WARN] PackLoader:240 - Cannot read IP mode file for wolfSSL.I-CUBE-wolfSSH.1.4.20
2026-07-09 22:52:51,826 [WARN] PackLoader:240 - Cannot read IP mode file for STMicroelectronics.X-CUBE-NFC7.2.0.0
2026-07-09 22:52:51,829 [ERROR] Engine:466 - C:\Users\ASUS\.stm32cubemx\thirdparties\pdsc\STMicroelectronics.X-CUBE-BLEMGR.4.2.0.pdsc: PDSC version is not supported
2026-07-09 22:52:51,832 [WARN] PackLoader:240 - Cannot read IP mode file for STMicroelectronics.X-CUBE-ALS.1.0.2
2026-07-09 22:52:51,844 [WARN] PackLoader:240 - Cannot read IP mode file for STMicroelectronics.X-CUBE-TOF1.3.4.3
2026-07-09 22:52:51,851 [INFO] ThirdParty:978 - Integrity check success = true
2026-07-09 22:52:51,851 [INFO] IntegrityCheckThread:100 - exiting critical section [integrity check]
2026-07-09 22:52:51,852 [INFO] IntegrityCheckThread:103 - End integrity checks thread
2026-07-09 22:53:08,959 [ERROR] LogOutputStream:75 - [STDERR_REDIRECT] 
